export_name,repository,compatibility_facade
upsertUser,src/db/repositories/usersRepository.js,src/db/queries.js
tombstoneUser,src/db/repositories/usersRepository.js,src/db/queries.js
restoreUser,src/db/repositories/usersRepository.js,src/db/queries.js
trackEvent,src/db/repositories/usersRepository.js,src/db/queries.js
getAnalyticsTopline,src/db/repositories/usersRepository.js,src/db/queries.js
getAnalyticsDaily,src/db/repositories/usersRepository.js,src/db/queries.js
getAdminMetricsSnapshot,src/db/repositories/usersRepository.js,src/db/queries.js
findUserByUsername,src/db/repositories/usersRepository.js,src/db/queries.js
getUserTgIdByUserId,src/db/repositories/usersRepository.js,src/db/queries.js
hasUsersBannedAtColumn,src/db/repositories/usersRepository.js,src/db/queries.js
normalizeUsersDirectoryFilters,src/db/repositories/usersRepository.js,src/db/queries.js
getUsersDirectoryCohortCounters,src/db/repositories/usersRepository.js,src/db/queries.js
listUsersDirectory,src/db/repositories/usersRepository.js,src/db/queries.js
getUsersDirectoryByIds,src/db/repositories/usersRepository.js,src/db/queries.js
exportUsersDirectory,src/db/repositories/usersRepository.js,src/db/queries.js
getUserCardById,src/db/repositories/usersRepository.js,src/db/queries.js
getBrandCredits,src/db/repositories/usersRepository.js,src/db/queries.js
getBrandCreditsByTgId,src/db/repositories/usersRepository.js,src/db/queries.js
getBrandIntroMeta,src/db/repositories/usersRepository.js,src/db/queries.js
getIntroDailyUsage,src/db/repositories/usersRepository.js,src/db/queries.js
addBrandCredits,src/db/repositories/usersRepository.js,src/db/queries.js
addGiftedBrandCredits,src/db/repositories/usersRepository.js,src/db/queries.js
revokeGiftedBrandCredits,src/db/repositories/usersRepository.js,src/db/queries.js
spendBrandCredits,src/db/repositories/usersRepository.js,src/db/queries.js
isWorkspaceContactsUnlocked,src/db/repositories/usersRepository.js,src/db/queries.js
unlockWorkspaceContactsWithCredits,src/db/repositories/usersRepository.js,src/db/queries.js
countAvailableBrandRetryCredits,src/db/repositories/usersRepository.js,src/db/queries.js
listIntroThreadsForRetry,src/db/repositories/usersRepository.js,src/db/queries.js
issueRetryCreditForThread,src/db/repositories/usersRepository.js,src/db/queries.js
expireRetryCredits,src/db/repositories/usersRepository.js,src/db/queries.js
userHasWorkspace,src/db/repositories/workspacesRepository.js,src/db/queries.js
createWorkspace,src/db/repositories/workspacesRepository.js,src/db/queries.js
ensureWorkspaceSettings,src/db/repositories/workspacesRepository.js,src/db/queries.js
listWorkspaces,src/db/repositories/workspacesRepository.js,src/db/queries.js
getWorkspace,src/db/repositories/workspacesRepository.js,src/db/queries.js
getWorkspaceAny,src/db/repositories/workspacesRepository.js,src/db/queries.js
findWorkspaceByChannelUsername,src/db/repositories/workspacesRepository.js,src/db/queries.js
isWorkspacePro,src/db/repositories/workspacesRepository.js,src/db/queries.js
activateWorkspacePro,src/db/repositories/workspacesRepository.js,src/db/queries.js
setWorkspacePinnedOffer,src/db/repositories/workspacesRepository.js,src/db/queries.js
countActiveBarterOffers,src/db/repositories/workspacesRepository.js,src/db/queries.js
setWorkspaceSetting,src/db/repositories/workspacesRepository.js,src/db/queries.js
setWorkspaceChannelConnection,src/db/repositories/workspacesRepository.js,src/db/queries.js
listIgVerifyPendingWorkspaces,src/db/repositories/workspacesRepository.js,src/db/queries.js
addCurator,src/db/repositories/workspacesRepository.js,src/db/queries.js
listCurators,src/db/repositories/workspacesRepository.js,src/db/queries.js
getCuratorWorkspaceSummary,src/db/repositories/workspacesRepository.js,src/db/queries.js
getCuratorLeadStats,src/db/repositories/workspacesRepository.js,src/db/queries.js
removeCurator,src/db/repositories/workspacesRepository.js,src/db/queries.js
hasAnyCuratorRole,src/db/repositories/workspacesRepository.js,src/db/queries.js
listCuratorWorkspaces,src/db/repositories/workspacesRepository.js,src/db/queries.js
isCuratorForWorkspace,src/db/repositories/workspacesRepository.js,src/db/queries.js
listGiveawaysForCurator,src/db/repositories/workspacesRepository.js,src/db/queries.js
getGiveawayForCurator,src/db/repositories/workspacesRepository.js,src/db/queries.js
flushWorkspaceAuditBuffer,src/db/repositories/workspacesRepository.js,src/db/queries.js
auditWorkspace,src/db/repositories/workspacesRepository.js,src/db/queries.js
listWorkspaceAudit,src/db/repositories/workspacesRepository.js,src/db/queries.js
listWorkspaceAuditDetailed,src/db/repositories/workspacesRepository.js,src/db/queries.js
countWorkspaceAuditDetailed,src/db/repositories/workspacesRepository.js,src/db/queries.js
searchGlobalAudit,src/db/repositories/workspacesRepository.js,src/db/queries.js
countGlobalAudit,src/db/repositories/workspacesRepository.js,src/db/queries.js
exportGlobalAudit,src/db/repositories/workspacesRepository.js,src/db/queries.js
createGiveaway,src/db/repositories/giveawaysRepository.js,src/db/queries.js
updateGiveaway,src/db/repositories/giveawaysRepository.js,src/db/queries.js
getGiveawayForOwner,src/db/repositories/giveawaysRepository.js,src/db/queries.js
deleteGiveawayForOwner,src/db/repositories/giveawaysRepository.js,src/db/queries.js
getGiveawayPublic,src/db/repositories/giveawaysRepository.js,src/db/queries.js
getGiveawayInfoForUser,src/db/repositories/giveawaysRepository.js,src/db/queries.js
getGiveawayById,src/db/repositories/giveawaysRepository.js,src/db/queries.js
getWinnersWithTgId,src/db/repositories/giveawaysRepository.js,src/db/queries.js
listGiveaways,src/db/repositories/giveawaysRepository.js,src/db/queries.js
replaceGiveawaySponsors,src/db/repositories/giveawaysRepository.js,src/db/queries.js
listGiveawaySponsors,src/db/repositories/giveawaysRepository.js,src/db/queries.js
upsertGiveawayEntry,src/db/repositories/giveawaysRepository.js,src/db/queries.js
getEntryStatus,src/db/repositories/giveawaysRepository.js,src/db/queries.js
setEntryEligibility,src/db/repositories/giveawaysRepository.js,src/db/queries.js
getGiveawayStats,src/db/repositories/giveawaysRepository.js,src/db/queries.js
getGiveawayStatsForCurator,src/db/repositories/giveawaysRepository.js,src/db/queries.js
listGiveawayEntriesPage,src/db/repositories/giveawaysRepository.js,src/db/queries.js
exportGiveawayParticipantsUsernames,src/db/repositories/giveawaysRepository.js,src/db/queries.js
exportGiveawayWinnersUsernames,src/db/repositories/giveawaysRepository.js,src/db/queries.js
exportGiveawayWinnersForPublish,src/db/repositories/giveawaysRepository.js,src/db/queries.js
setWinners,src/db/repositories/giveawaysRepository.js,src/db/queries.js
markGiveawayResultsPublished,src/db/repositories/giveawaysRepository.js,src/db/queries.js
reserveGiveawayPublish,src/db/repositories/giveawaysRepository.js,src/db/queries.js
finalizeGiveawayPublish,src/db/repositories/giveawaysRepository.js,src/db/queries.js
releaseGiveawayPublish,src/db/repositories/giveawaysRepository.js,src/db/queries.js
auditGiveaway,src/db/repositories/giveawaysRepository.js,src/db/queries.js
listGiveawayAudit,src/db/repositories/giveawaysRepository.js,src/db/queries.js
listGiveawayCuratorNotesAudit,src/db/repositories/giveawaysRepository.js,src/db/queries.js
listGiveawaysToEnd,src/db/repositories/giveawaysRepository.js,src/db/queries.js
listEndedGiveawaysToDraw,src/db/repositories/giveawaysRepository.js,src/db/queries.js
listDrawnGiveawaysToPublish,src/db/repositories/giveawaysRepository.js,src/db/queries.js
listEligibleUserIdsForGiveaway,src/db/repositories/giveawaysRepository.js,src/db/queries.js
listAllUserIdsForGiveaway,src/db/repositories/giveawaysRepository.js,src/db/queries.js
listEntriesToCheck,src/db/repositories/giveawaysRepository.js,src/db/queries.js
hasBarterOffersMetaColumn,src/db/repositories/bartersRepository.js,src/db/queries.js
createBarterOffer,src/db/repositories/bartersRepository.js,src/db/queries.js
listNetworkBarterOffers,src/db/repositories/bartersRepository.js,src/db/queries.js
countNetworkBarterOffers,src/db/repositories/bartersRepository.js,src/db/queries.js
listBarterOffersForOwnerWorkspace,src/db/repositories/bartersRepository.js,src/db/queries.js
listArchivedBarterOffersForOwnerWorkspace,src/db/repositories/bartersRepository.js,src/db/queries.js
restoreBarterOfferForOwner,src/db/repositories/bartersRepository.js,src/db/queries.js
getBarterOfferForOwner,src/db/repositories/bartersRepository.js,src/db/queries.js
updateBarterOffer,src/db/repositories/bartersRepository.js,src/db/queries.js
auditBarterOffer,src/db/repositories/bartersRepository.js,src/db/queries.js
updateBarterOfferStatus,src/db/repositories/bartersRepository.js,src/db/queries.js
bumpBarterOffer,src/db/repositories/bartersRepository.js,src/db/queries.js
getBarterOfferPublic,src/db/repositories/bartersRepository.js,src/db/queries.js
getOrCreateBarterThread,src/db/repositories/bartersRepository.js,src/db/queries.js
getOrCreateBarterThreadWithCredits,src/db/repositories/bartersRepository.js,src/db/queries.js
countBarterThreadProofs,src/db/repositories/bartersRepository.js,src/db/queries.js
listBarterThreadProofs,src/db/repositories/bartersRepository.js,src/db/queries.js
addBarterThreadProofLink,src/db/repositories/bartersRepository.js,src/db/queries.js
addBarterThreadProofScreenshot,src/db/repositories/bartersRepository.js,src/db/queries.js
addBarterMessage,src/db/repositories/bartersRepository.js,src/db/queries.js
closeBarterThread,src/db/repositories/bartersRepository.js,src/db/queries.js
softDeleteBarterThread,src/db/repositories/bartersRepository.js,src/db/queries.js
softDeleteBrandLead,src/db/repositories/bartersRepository.js,src/db/queries.js
softDeleteBrandApplication,src/db/repositories/bartersRepository.js,src/db/queries.js
addNetworkModerator,src/db/repositories/bartersRepository.js,src/db/queries.js
removeNetworkModerator,src/db/repositories/bartersRepository.js,src/db/queries.js
listNetworkModerators,src/db/repositories/bartersRepository.js,src/db/queries.js
isNetworkModerator,src/db/repositories/bartersRepository.js,src/db/queries.js
createBarterReport,src/db/repositories/bartersRepository.js,src/db/queries.js
listOpenBarterReports,src/db/repositories/bartersRepository.js,src/db/queries.js
countOpenBarterReports,src/db/repositories/bartersRepository.js,src/db/queries.js
getBarterReport,src/db/repositories/bartersRepository.js,src/db/queries.js
resolveBarterReport,src/db/repositories/bartersRepository.js,src/db/queries.js
moderatorCloseBarterThread,src/db/repositories/bartersRepository.js,src/db/queries.js
moderatorFreezeBarterOffer,src/db/repositories/bartersRepository.js,src/db/queries.js
getBrandPlan,src/db/repositories/bartersRepository.js,src/db/queries.js
isBrandPlanActive,src/db/repositories/bartersRepository.js,src/db/queries.js
activateBrandPlan,src/db/repositories/bartersRepository.js,src/db/queries.js
revokeBrandPlan,src/db/repositories/bartersRepository.js,src/db/queries.js
resetBrandCredits,src/db/repositories/bartersRepository.js,src/db/queries.js
revokeAllWorkspacePro,src/db/repositories/bartersRepository.js,src/db/queries.js
banUser,src/db/repositories/bartersRepository.js,src/db/queries.js
unbanUser,src/db/repositories/bartersRepository.js,src/db/queries.js
isUserBanned,src/db/repositories/bartersRepository.js,src/db/queries.js
freezeAllUserOffers,src/db/repositories/bartersRepository.js,src/db/queries.js
closeAllUserThreads,src/db/repositories/bartersRepository.js,src/db/queries.js
setBarterThreadBuyerStage,src/db/repositories/bartersRepository.js,src/db/queries.js
setBarterThreadTriageStatus,src/db/repositories/bartersRepository.js,src/db/queries.js
countIncludedMatchingThisMonth,src/db/repositories/monetizationRepository.js,src/db/queries.js
createMatchingRequest,src/db/repositories/monetizationRepository.js,src/db/queries.js
setMatchingBrief,src/db/repositories/monetizationRepository.js,src/db/queries.js
completeMatchingRequest,src/db/repositories/monetizationRepository.js,src/db/queries.js
getMatchingRequest,src/db/repositories/monetizationRepository.js,src/db/queries.js
searchNetworkBarterOffersByBrief,src/db/repositories/monetizationRepository.js,src/db/queries.js
countIncludedFeaturedThisMonth,src/db/repositories/monetizationRepository.js,src/db/queries.js
createFeaturedPlacement,src/db/repositories/monetizationRepository.js,src/db/queries.js
activateFeaturedPlacementWithContent,src/db/repositories/monetizationRepository.js,src/db/queries.js
stopFeaturedPlacement,src/db/repositories/monetizationRepository.js,src/db/queries.js
getFeaturedPlacement,src/db/repositories/monetizationRepository.js,src/db/queries.js
listActiveFeatured,src/db/repositories/monetizationRepository.js,src/db/queries.js
listFeaturedForUser,src/db/repositories/monetizationRepository.js,src/db/queries.js
getOfficialPostByOfferId,src/db/repositories/monetizationRepository.js,src/db/queries.js
upsertOfficialPostDraft,src/db/repositories/monetizationRepository.js,src/db/queries.js
atomicReserveOfficialPublish,src/db/repositories/monetizationRepository.js,src/db/queries.js
setOfficialPostActive,src/db/repositories/monetizationRepository.js,src/db/queries.js
setOfficialPostStatus,src/db/repositories/monetizationRepository.js,src/db/queries.js
atomicAttachOfficialPostMessageId,src/db/repositories/monetizationRepository.js,src/db/queries.js
atomicExpireOfficialPost,src/db/repositories/monetizationRepository.js,src/db/queries.js
listOfficialPending,src/db/repositories/monetizationRepository.js,src/db/queries.js
countOfficialPending,src/db/repositories/monetizationRepository.js,src/db/queries.js
listOfficialToExpire,src/db/repositories/monetizationRepository.js,src/db/queries.js
recordStarsPayment,src/db/repositories/monetizationRepository.js,src/db/queries.js
insertPayment,src/db/repositories/monetizationRepository.js,src/db/queries.js
getPaymentById,src/db/repositories/monetizationRepository.js,src/db/queries.js
getPaymentByTelegramChargeId,src/db/repositories/monetizationRepository.js,src/db/queries.js
claimPaymentApplying,src/db/repositories/monetizationRepository.js,src/db/queries.js
setPaymentStatus,src/db/repositories/monetizationRepository.js,src/db/queries.js
setPaymentStatusIfNotApplied,src/db/repositories/monetizationRepository.js,src/db/queries.js
markPaymentApplied,src/db/repositories/monetizationRepository.js,src/db/queries.js
hasBrandTeamUnlockPurchase,src/db/repositories/monetizationRepository.js,src/db/queries.js
listBrandsDirectory,src/db/repositories/brandsRepository.js,src/db/queries.js
listBrandsDirectoryFiltered,src/db/repositories/brandsRepository.js,src/db/queries.js
countBrandsDirectoryFiltered,src/db/repositories/brandsRepository.js,src/db/queries.js
listPaymentsByStatus,src/db/repositories/brandsRepository.js,src/db/queries.js
claimOrphanedMissingSessionPaymentsForAutoheal,src/db/repositories/brandsRepository.js,src/db/queries.js
getUserVerification,src/db/repositories/brandsRepository.js,src/db/queries.js
getBrandProfile,src/db/repositories/brandsRepository.js,src/db/queries.js
upsertBrandProfile,src/db/repositories/brandsRepository.js,src/db/queries.js
addBrandManager,src/db/repositories/brandsRepository.js,src/db/queries.js
removeBrandManager,src/db/repositories/brandsRepository.js,src/db/queries.js
isBrandManager,src/db/repositories/brandsRepository.js,src/db/queries.js
listBrandManagers,src/db/repositories/brandsRepository.js,src/db/queries.js
listBrandsForManager,src/db/repositories/brandsRepository.js,src/db/queries.js
deleteBrandProfile,src/db/repositories/brandsRepository.js,src/db/queries.js
upsertVerificationRequest,src/db/repositories/brandsRepository.js,src/db/queries.js
setVerificationStatus,src/db/repositories/brandsRepository.js,src/db/queries.js
listPendingVerifications,src/db/repositories/brandsRepository.js,src/db/queries.js
countPendingVerifications,src/db/repositories/brandsRepository.js,src/db/queries.js
getWorkspaceById,src/db/repositories/brandsRepository.js,src/db/queries.js
hasAnyWorkspaceEditorRole,src/db/repositories/brandsRepository.js,src/db/queries.js
isWorkspaceEditor,src/db/repositories/brandsRepository.js,src/db/queries.js
addWorkspaceEditor,src/db/repositories/brandsRepository.js,src/db/queries.js
removeWorkspaceEditor,src/db/repositories/brandsRepository.js,src/db/queries.js
listWorkspaceEditors,src/db/repositories/brandsRepository.js,src/db/queries.js
listWorkspaceEditorWorkspaces,src/db/repositories/brandsRepository.js,src/db/queries.js
createChannelFolder,src/db/repositories/brandsRepository.js,src/db/queries.js
renameChannelFolder,src/db/repositories/brandsRepository.js,src/db/queries.js
deleteChannelFolder,src/db/repositories/brandsRepository.js,src/db/queries.js
getChannelFolder,src/db/repositories/brandsRepository.js,src/db/queries.js
listChannelFolders,src/db/repositories/brandsRepository.js,src/db/queries.js
listChannelFolderItems,src/db/repositories/brandsRepository.js,src/db/queries.js
addChannelFolderItems,src/db/repositories/brandsRepository.js,src/db/queries.js
removeChannelFolderItems,src/db/repositories/brandsRepository.js,src/db/queries.js
clearChannelFolder,src/db/repositories/brandsRepository.js,src/db/queries.js
getBarterOfferPublicWithVerified,src/db/repositories/applicationsRepository.js,src/db/queries.js
listNetworkBarterOffersWithVerified,src/db/repositories/applicationsRepository.js,src/db/queries.js
listBarterThreadsForUserWithVerified,src/db/repositories/applicationsRepository.js,src/db/queries.js
listBarterThreadsForUser,src/db/repositories/applicationsRepository.js,src/db/queries.js
getBarterThreadForUserWithVerified,src/db/repositories/applicationsRepository.js,src/db/queries.js
getBarterThreadForUser,src/db/repositories/applicationsRepository.js,src/db/queries.js
listBarterMessages,src/db/repositories/applicationsRepository.js,src/db/queries.js
listBarterOffersForWorkspace,src/db/repositories/applicationsRepository.js,src/db/queries.js
listMyBarterOffers,src/db/repositories/applicationsRepository.js,src/db/queries.js
getUserById,src/db/repositories/applicationsRepository.js,src/db/queries.js
listUsersByIds,src/db/repositories/applicationsRepository.js,src/db/queries.js
auditBarterThread,src/db/repositories/applicationsRepository.js,src/db/queries.js
createBrandLead,src/db/repositories/applicationsRepository.js,src/db/queries.js
getBrandLeadById,src/db/repositories/applicationsRepository.js,src/db/queries.js
getBrandLeadForActor,src/db/repositories/applicationsRepository.js,src/db/queries.js
countBrandLeadsByStatus,src/db/repositories/applicationsRepository.js,src/db/queries.js
listBrandLeads,src/db/repositories/applicationsRepository.js,src/db/queries.js
countBrandLeadsForCuratorByStatus,src/db/repositories/applicationsRepository.js,src/db/queries.js
listBrandLeadsForCurator,src/db/repositories/applicationsRepository.js,src/db/queries.js
assignBrandLead,src/db/repositories/applicationsRepository.js,src/db/queries.js
unassignBrandLead,src/db/repositories/applicationsRepository.js,src/db/queries.js
listBrandLeadsForCuratorFiltered,src/db/repositories/applicationsRepository.js,src/db/queries.js
countBrandLeadsForCuratorFiltered,src/db/repositories/applicationsRepository.js,src/db/queries.js
appendBrandLeadCuratorNote,src/db/repositories/applicationsRepository.js,src/db/queries.js
updateBrandLeadStatus,src/db/repositories/applicationsRepository.js,src/db/queries.js
markBrandLeadReplied,src/db/repositories/applicationsRepository.js,src/db/queries.js
markBrandLeadTakenInWork,src/db/repositories/applicationsRepository.js,src/db/queries.js
markBrandLeadClosedBy,src/db/repositories/applicationsRepository.js,src/db/queries.js
createBrandApplication,src/db/repositories/applicationsRepository.js,src/db/queries.js
getBrandApplicationById,src/db/repositories/applicationsRepository.js,src/db/queries.js
getBrandApplicationForActor,src/db/repositories/applicationsRepository.js,src/db/queries.js
countBrandApplicationsByStatus,src/db/repositories/applicationsRepository.js,src/db/queries.js
listBrandApplications,src/db/repositories/applicationsRepository.js,src/db/queries.js
updateBrandApplicationStatus,src/db/repositories/applicationsRepository.js,src/db/queries.js
markBrandApplicationReplied,src/db/repositories/applicationsRepository.js,src/db/queries.js
markBrandApplicationAccepted,src/db/repositories/applicationsRepository.js,src/db/queries.js
acceptBrandApplicationWithCharge,src/db/repositories/applicationsRepository.js,src/db/queries.js
countBrandDealsByStage,src/db/repositories/applicationsRepository.js,src/db/queries.js
listBrandDeals,src/db/repositories/applicationsRepository.js,src/db/queries.js
countBrandDealsFiltered,src/db/repositories/applicationsRepository.js,src/db/queries.js
listBrandDealsFiltered,src/db/repositories/applicationsRepository.js,src/db/queries.js
setBrandApplicationDealStage,src/db/repositories/applicationsRepository.js,src/db/queries.js
appendBrandApplicationThreadMessage,src/db/repositories/applicationsRepository.js,src/db/queries.js
listCreatorApplications,src/db/repositories/applicationsRepository.js,src/db/queries.js
countCreatorApplications,src/db/repositories/applicationsRepository.js,src/db/queries.js
searchWorkspaceProfilesByMatrix,src/db/repositories/applicationsRepository.js,src/db/queries.js
createBroadcast,src/db/repositories/broadcastsRepository.js,src/db/queries.js
createBroadcastIdempotent,src/db/repositories/broadcastsRepository.js,src/db/queries.js
getBroadcast,src/db/repositories/broadcastsRepository.js,src/db/queries.js
updateBroadcast,src/db/repositories/broadcastsRepository.js,src/db/queries.js
atomicMaxBroadcastCooldownUntil,src/db/repositories/broadcastsRepository.js,src/db/queries.js
countBroadcastAudience,src/db/repositories/broadcastsRepository.js,src/db/queries.js
listBroadcastAudienceSample,src/db/repositories/broadcastsRepository.js,src/db/queries.js
listBroadcastRecipients,src/db/repositories/broadcastsRepository.js,src/db/queries.js
logBroadcastSent,src/db/repositories/broadcastsRepository.js,src/db/queries.js
logBroadcastQueued,src/db/repositories/broadcastsRepository.js,src/db/queries.js
logBroadcastBlocked,src/db/repositories/broadcastsRepository.js,src/db/queries.js
quarantineStaleBroadcastDeliveries,src/db/repositories/broadcastsRepository.js,src/db/queries.js
claimBroadcastDelivery,src/db/repositories/broadcastsRepository.js,src/db/queries.js
getBroadcastDeliveryReceipt,src/db/repositories/broadcastsRepository.js,src/db/queries.js
markBroadcastDeliverySent,src/db/repositories/broadcastsRepository.js,src/db/queries.js
markBroadcastDeliveryUnknown,src/db/repositories/broadcastsRepository.js,src/db/queries.js
markBroadcastDeliveryBlocked,src/db/repositories/broadcastsRepository.js,src/db/queries.js
markBroadcastDeliveryFailedNonRetryable,src/db/repositories/broadcastsRepository.js,src/db/queries.js
markBroadcastDeliveryRetry,src/db/repositories/broadcastsRepository.js,src/db/queries.js
markBroadcastDeliveryDeferred,src/db/repositories/broadcastsRepository.js,src/db/queries.js
countBroadcastPendingDeliveries,src/db/repositories/broadcastsRepository.js,src/db/queries.js
countBroadcastDeliveryStats,src/db/repositories/broadcastsRepository.js,src/db/queries.js
listBroadcastPostRunReasonRows,src/db/repositories/broadcastsRepository.js,src/db/queries.js
listBroadcastBlockedDeliveries,src/db/repositories/broadcastsRepository.js,src/db/queries.js
listBroadcastUnknownDeliveries,src/db/repositories/broadcastsRepository.js,src/db/queries.js
resolveBroadcastUnknownDelivery,src/db/repositories/broadcastsRepository.js,src/db/queries.js
logBroadcastDeferred,src/db/repositories/broadcastsRepository.js,src/db/queries.js
logBroadcastQuarantine,src/db/repositories/broadcastsRepository.js,src/db/queries.js
getNextBroadcastDeferredRetryMs,src/db/repositories/broadcastsRepository.js,src/db/queries.js
isBroadcastSentToUser,src/db/repositories/broadcastsRepository.js,src/db/queries.js
listBroadcasts,src/db/repositories/broadcastsRepository.js,src/db/queries.js
getActiveBroadcast,src/db/repositories/broadcastsRepository.js,src/db/queries.js
listBroadcastUnsentRecipients,src/db/repositories/broadcastsRepository.js,src/db/queries.js
drawWinnersDeterministic,src/db/repositories/broadcastsRepository.js,src/db/queries.js
drawAndFinalizeGiveawayWinnersAtomic,src/db/repositories/broadcastsRepository.js,src/db/queries.js
tryAdvisoryLock,src/db/repositories/broadcastsRepository.js,src/db/queries.js
advisoryUnlock,src/db/repositories/broadcastsRepository.js,src/db/queries.js
atomicEndGiveaway,src/db/repositories/broadcastsRepository.js,src/db/queries.js
atomicClaimGiveawayResultsPublishing,src/db/repositories/broadcastsRepository.js,src/db/queries.js
atomicReleaseGiveawayResultsClaim,src/db/repositories/broadcastsRepository.js,src/db/queries.js
atomicFinalizeGiveawayResultsPublish,src/db/repositories/broadcastsRepository.js,src/db/queries.js
atomicPublishGiveawayResults,src/db/repositories/broadcastsRepository.js,src/db/queries.js
atomicTransitionBroadcast,src/db/repositories/broadcastsRepository.js,src/db/queries.js
getIgOAuthAccount,src/db/repositories/socialRepository.js,src/db/queries.js
upsertIgOAuthAccount,src/db/repositories/socialRepository.js,src/db/queries.js
deleteIgOAuthAccount,src/db/repositories/socialRepository.js,src/db/queries.js
INVITE_REWARD_PUBLIC_RULES,src/db/repositories/socialRepository.js,src/db/queries.js
INVITE_REWARD_CATALOG,src/db/repositories/socialRepository.js,src/db/queries.js
processInviteRewardsForInvitee,src/db/repositories/socialRepository.js,src/db/queries.js
processInviteRewardsForReferrer,src/db/repositories/socialRepository.js,src/db/queries.js
getInviteRewardsSummary,src/db/repositories/socialRepository.js,src/db/queries.js
getInviteRewardsRecentHistory,src/db/repositories/socialRepository.js,src/db/queries.js
redeemInviteReward,src/db/repositories/socialRepository.js,src/db/queries.js
getLatestSupportThreadForUser,src/db/repositories/socialRepository.js,src/db/queries.js
openOrTouchSupportThreadForUser,src/db/repositories/socialRepository.js,src/db/queries.js
bindSupportThreadToSupportMessage,src/db/repositories/socialRepository.js,src/db/queries.js
setSupportThreadStatusForAdmin,src/db/repositories/socialRepository.js,src/db/queries.js
markSupportThreadOperatorReply,src/db/repositories/socialRepository.js,src/db/queries.js
markSupportThreadUserFollowup,src/db/repositories/socialRepository.js,src/db/queries.js
getSupportThreadBuckets,src/db/repositories/socialRepository.js,src/db/queries.js
listSupportThreadsForAdmin,src/db/repositories/socialRepository.js,src/db/queries.js
getSupportThreadByIdForAdmin,src/db/repositories/socialRepository.js,src/db/queries.js
buildInviteCodeFromTelegramUserId,src/db/repositories/socialRepository.js,src/db/queries.js
parseInviteCodeToTelegramUserId,src/db/repositories/socialRepository.js,src/db/queries.js
buildInviteStartParam,src/db/repositories/socialRepository.js,src/db/queries.js
parseInviteStartParam,src/db/repositories/socialRepository.js,src/db/queries.js
buildInviteLink,src/db/repositories/socialRepository.js,src/db/queries.js
findUserByTelegramId,src/db/repositories/socialRepository.js,src/db/queries.js
getInviteAttributionByInvitedUserId,src/db/repositories/socialRepository.js,src/db/queries.js
loadInviteSnapshotByUserId,src/db/repositories/socialRepository.js,src/db/queries.js
getInviteAdminVisibilityOverview,src/db/repositories/socialRepository.js,src/db/queries.js
attemptInviteAttribution,src/db/repositories/socialRepository.js,src/db/queries.js
