action,type,guard,break_glass,registry_line,domain,current_owner,direct_branch_line,target_owner
a:adm_gift,admin,require_redis,False,22,admin,src/bot/bot.js,31132,src/bot/domains/admin/callbacks.js
a:adm_gift_batch,admin,require_redis,False,23,admin,src/bot/bot.js,31428,src/bot/domains/admin/callbacks.js
a:adm_gift_do,admin,require_redis,False,24,admin,src/bot/bot.js,31225,src/bot/domains/admin/callbacks.js
a:adm_gift_input,admin,require_redis,False,25,admin,src/bot/bot.js,31208,src/bot/domains/admin/callbacks.js
a:adm_gift_revoke,admin,require_redis,False,26,admin,src/bot/bot.js,31155,src/bot/domains/admin/callbacks.js
a:adm_gift_revoke_batch,admin,require_redis,False,27,admin,src/bot/bot.js,31383,src/bot/domains/admin/callbacks.js
a:adm_gift_revoke_do,admin,require_redis,False,28,admin,src/bot/bot.js,31331,src/bot/domains/admin/callbacks.js
a:adm_gift_revoke_input,admin,require_redis,False,29,admin,src/bot/bot.js,31182,src/bot/domains/admin/callbacks.js
a:adm_support_qr,admin,none,False,30,admin,src/bot/bot.js,32214,src/bot/domains/admin/callbacks.js
a:adm_support_reply,admin,require_redis,False,31,admin,src/bot/bot.js,32148,src/bot/domains/admin/callbacks.js
a:adm_support_reply_cancel,admin,none,False,32,admin,src/bot/bot.js,32107,src/bot/domains/admin/callbacks.js
a:adm_umsg,admin,none,False,33,admin,src/bot/bot.js,31803,src/bot/domains/admin/callbacks.js
a:adm_umsg_free,admin,none,False,34,admin,src/bot/bot.js,32000,src/bot/domains/admin/callbacks.js
a:adm_umsg_send,admin,none,False,35,admin,src/bot/bot.js,32044,src/bot/domains/admin/callbacks.js
a:adm_ph,admin,none,False,36,admin,src/bot/bot.js,31767,src/bot/domains/admin/callbacks.js
a:adm_unote,admin,require_redis,False,37,admin,src/bot/bot.js,31670,src/bot/domains/admin/callbacks.js
a:adm_unote_edit,admin,require_redis,False,38,admin,src/bot/bot.js,31681,src/bot/domains/admin/callbacks.js
a:adm_unote_clear_q,admin,require_redis,False,39,admin,src/bot/bot.js,31712,src/bot/domains/admin/callbacks.js
a:adm_unote_clear,admin,require_redis,False,40,admin,src/bot/bot.js,31733,src/bot/domains/admin/callbacks.js
a:adm_unote_tag,admin,require_redis,False,41,admin,src/bot/bot.js,31748,src/bot/domains/admin/callbacks.js
a:adm_umsg_tpl,admin,none,False,42,admin,src/bot/bot.js,31869,src/bot/domains/admin/callbacks.js
a:admin_umsg_tpls,admin,require_redis,False,43,admin,src/bot/bot.js,32500,src/bot/domains/admin/callbacks.js
a:admin_umsg_tpl_view,admin,require_redis,False,44,admin,src/bot/bot.js,32507,src/bot/domains/admin/callbacks.js
a:admin_umsg_tpl_add,admin,require_redis,False,45,admin,src/bot/bot.js,32514,src/bot/domains/admin/callbacks.js
a:admin_umsg_tpl_edit,admin,require_redis,False,46,admin,src/bot/bot.js,32523,src/bot/domains/admin/callbacks.js
a:admin_umsg_tpl_del_q,admin,require_redis,False,47,admin,src/bot/bot.js,32533,src/bot/domains/admin/callbacks.js
a:admin_umsg_tpl_del,admin,require_redis,False,48,admin,src/bot/bot.js,32543,src/bot/domains/admin/callbacks.js
a:admin_umsg_tpl_reset_q,admin,require_redis,False,49,admin,src/bot/bot.js,32555,src/bot/domains/admin/callbacks.js
a:admin_umsg_tpl_reset,admin,require_redis,False,50,admin,src/bot/bot.js,32564,src/bot/domains/admin/callbacks.js
a:adm_uban_do,admin,require_redis,False,51,admin,src/bot/bot.js,31643,src/bot/domains/admin/callbacks.js
a:adm_uban_q,admin,none,False,52,admin,src/bot/bot.js,31627,src/bot/domains/admin/callbacks.js
a:adm_ucard,admin,none,False,53,admin,src/bot/bot.js,31656,src/bot/domains/admin/callbacks.js
a:adm_ucopy,admin,require_redis,False,54,admin,src/bot/bot.js,31526,src/bot/domains/admin/callbacks.js
a:adm_ucsv,admin,require_redis,False,55,admin,src/bot/bot.js,31535,src/bot/domains/admin/callbacks.js
a:adm_ugift,admin,require_redis,False,56,admin,src/bot/bot.js,31545,src/bot/domains/admin/callbacks.js
a:adm_ugift_do,admin,require_redis,False,57,admin,src/bot/bot.js,31568,src/bot/domains/admin/callbacks.js
a:adm_urevoke_do,admin,require_redis,False,58,admin,src/bot/bot.js,31610,src/bot/domains/admin/callbacks.js
a:adm_urevoke_q,admin,none,False,59,admin,src/bot/bot.js,31593,src/bot/domains/admin/callbacks.js
a:admin,admin,require_redis,False,60,admin,src/bot/bot.js,30681,src/bot/domains/admin/callbacks.js
a:admin_founder,admin,require_redis,False,61,admin,src/bot/bot.js,33356,src/bot/domains/admin/callbacks.js
a:admin_founder_links,admin,require_redis,False,62,admin,src/bot/bot.js,33446,src/bot/domains/admin/callbacks.js
a:admin_founder_reset,admin,require_redis,False,63,admin,src/bot/bot.js,33378,src/bot/domains/admin/callbacks.js
a:admin_founder_set_credits,admin,require_redis,False,64,admin,src/bot/bot.js,33426,src/bot/domains/admin/callbacks.js
a:admin_founder_set_deadline,admin,require_redis,False,65,admin,src/bot/bot.js,33387,src/bot/domains/admin/callbacks.js
a:admin_founder_set_prices,admin,require_redis,False,66,admin,src/bot/bot.js,33406,src/bot/domains/admin/callbacks.js
a:admin_founder_texts,admin,require_redis,False,67,admin,src/bot/bot.js,33454,src/bot/domains/admin/callbacks.js
a:admin_founder_toggle,admin,require_redis,False,68,admin,src/bot/bot.js,33365,src/bot/domains/admin/callbacks.js
a:admin_home,admin,none,False,69,admin,src/bot/bot.js,30686,src/bot/domains/admin/callbacks.js
a:admin_ops,admin,none,False,70,admin,src/bot/bot.js,30698,src/bot/domains/admin/callbacks.js
a:admin_ops_flush,admin,none,False,71,admin,src/bot/bot.js,30708,src/bot/domains/admin/callbacks.js
a:admin_ops_pending_clear,admin,none,False,72,admin,src/bot/bot.js,30750,src/bot/domains/admin/callbacks.js
a:admin_ops_pending_clear_do,admin,none,False,73,admin,src/bot/bot.js,30778,src/bot/domains/admin/callbacks.js
a:admin_comms,admin,require_redis,False,74,admin,src/bot/bot.js,30790,src/bot/domains/admin/callbacks.js
a:admin_support,admin,none,False,75,admin,src/bot/bot.js,30800,src/bot/domains/admin/callbacks.js
a:admin_support_list,admin,none,False,76,admin,src/bot/bot.js,30809,src/bot/domains/admin/callbacks.js
a:admin_support_view,admin,none,False,77,admin,src/bot/bot.js,30818,src/bot/domains/admin/callbacks.js
a:admin_support_set,admin,none,False,78,admin,src/bot/bot.js,30826,src/bot/domains/admin/callbacks.js
a:admin_invites,admin,none,False,79,admin,src/bot/bot.js,30855,src/bot/domains/admin/callbacks.js
a:admin_invites_list,admin,none,False,80,admin,src/bot/bot.js,30863,src/bot/domains/admin/callbacks.js
a:admin_sys,admin,require_redis,False,81,admin,src/bot/bot.js,30872,src/bot/domains/admin/callbacks.js
a:admin_web_login_toggle,admin,require_redis,False,82,admin,src/bot/bot.js,33154,src/bot/domains/admin/callbacks.js
a:aw_auth_dec,admin,require_redis,False,83,admin_auth,src/bot/adminWebAuthCallback.js,,src/bot/domains/adminAuth/callbacks.js
a:hs_home,admin,none,False,85,admin_broadcast,src/bot/bot.js,30883,src/bot/domains/adminBroadcast/callbacks.js
a:hs_hits,admin,none,False,86,admin_broadcast,src/bot/bot.js,30892,src/bot/domains/adminBroadcast/callbacks.js
a:hs_hits_export,admin,none,False,87,admin_broadcast,src/bot/bot.js,30930,src/bot/domains/adminBroadcast/callbacks.js
a:hs_find,admin,none,False,88,admin_broadcast,src/bot/bot.js,30901,src/bot/domains/adminBroadcast/callbacks.js
a:hs_view,admin,none,False,89,admin_broadcast,src/bot/bot.js,30913,src/bot/domains/adminBroadcast/callbacks.js
a:hs_unskip,admin,none,False,90,admin_broadcast,src/bot/bot.js,30920,src/bot/domains/adminBroadcast/callbacks.js
a:admin_notice,admin,require_redis,False,91,admin,src/bot/bot.js,30980,src/bot/domains/admin/callbacks.js
a:admin_notice_toggle,admin,require_redis,False,92,admin,src/bot/bot.js,30989,src/bot/domains/admin/callbacks.js
a:admin_notice_sev,admin,require_redis,False,93,admin,src/bot/bot.js,31000,src/bot/domains/admin/callbacks.js
a:admin_notice_target,admin,require_redis,False,94,admin,src/bot/bot.js,31014,src/bot/domains/admin/callbacks.js
a:admin_notice_cta,admin,require_redis,False,95,admin,src/bot/bot.js,31028,src/bot/domains/admin/callbacks.js
a:admin_notice_expire,admin,require_redis,False,96,admin,src/bot/bot.js,31056,src/bot/domains/admin/callbacks.js
a:admin_notice_text,admin,require_redis,False,97,admin,src/bot/bot.js,31109,src/bot/domains/admin/callbacks.js
a:admin_notice_clear,admin,require_redis,False,98,admin,src/bot/bot.js,31080,src/bot/domains/admin/callbacks.js
a:admin_notice_publish,admin,require_redis,False,99,admin,src/bot/bot.js,31091,src/bot/domains/admin/callbacks.js
a:admin_outbox,admin,require_redis,False,100,admin,src/bot/bot.js,32286,src/bot/domains/admin/callbacks.js
a:admin_outbox_v,admin,require_redis,False,101,admin,src/bot/bot.js,32295,src/bot/domains/admin/callbacks.js
a:admin_outbox_clear_q,admin,require_redis,False,102,admin,src/bot/bot.js,32483,src/bot/domains/admin/callbacks.js
a:admin_outbox_clear,admin,require_redis,False,103,admin,src/bot/bot.js,32492,src/bot/domains/admin/callbacks.js
a:admin_outbox_repeat,admin,require_redis,False,105,admin,src/bot/bot.js,32340,src/bot/domains/admin/callbacks.js
a:admin_outbox_note,admin,require_redis,False,106,admin,src/bot/bot.js,32307,src/bot/domains/admin/callbacks.js
a:admin_outbox_to_tpl,admin,require_redis,False,107,admin,src/bot/bot.js,32465,src/bot/domains/admin/callbacks.js
a:admin_bc_qstash_toggle,admin,require_redis,False,108,admin,src/bot/bot.js,33256,src/bot/domains/admin/callbacks.js
a:admin_qstash_status,admin,require_redis,False,109,admin,src/bot/bot.js,33268,src/bot/domains/admin/callbacks.js
a:admin_qstash_ping,admin,require_redis,False,110,admin,src/bot/bot.js,33276,src/bot/domains/admin/callbacks.js
a:admin_matchfeat_auto_toggle,admin,require_redis,False,111,admin,src/bot/bot.js,33244,src/bot/domains/admin/callbacks.js
a:admin_metrics,admin,require_redis,False,112,admin,src/bot/bot.js,33119,src/bot/domains/admin/callbacks.js
a:admin_mod_add,admin,require_redis,False,113,admin,src/bot/bot.js,33135,src/bot/domains/admin/callbacks.js
a:admin_mod_list,admin,none,False,114,admin,src/bot/bot.js,33127,src/bot/domains/admin/callbacks.js
a:admin_mod_rm,admin,require_redis,False,115,admin,src/bot/bot.js,33143,src/bot/domains/admin/callbacks.js
a:admin_pay_accept_toggle,admin,require_redis,False,116,payments_admin,src/bot/bot.js,33166,src/bot/domains/payments/adminCallbacks.js
a:admin_pay_apply,admin,db_truth,False,117,payments_admin,src/bot/bot.js,33478,src/bot/domains/payments/adminCallbacks.js
a:admin_pay_auto_toggle,admin,require_redis,False,118,payments_admin,src/bot/bot.js,33176,src/bot/domains/payments/adminCallbacks.js
a:admin_pay_fb,admin,require_redis,False,119,payments_admin,src/bot/bot.js,33188,src/bot/domains/payments/adminCallbacks.js
a:admin_pay_fb_set,admin,require_redis,False,120,payments_admin,src/bot/bot.js,33195,src/bot/domains/payments/adminCallbacks.js
a:admin_pay_fb_off,admin,require_redis,False,121,payments_admin,src/bot/bot.js,33221,src/bot/domains/payments/adminCallbacks.js
a:admin_pay_autoheal,admin,db_truth,False,122,payments_admin,src/bot/bot.js,33487,src/bot/domains/payments/adminCallbacks.js
a:admin_pay_view,admin,none,False,123,payments_admin,src/bot/bot.js,33470,src/bot/domains/payments/adminCallbacks.js
a:admin_payments,admin,require_redis,True,124,payments_admin,src/bot/bot.js,33462,src/bot/domains/payments/adminCallbacks.js
a:admin_users,admin,require_redis,True,125,admin,src/bot/bot.js,31481,src/bot/domains/admin/callbacks.js
a:admin_users_reset,admin,require_redis,False,126,admin,src/bot/bot.js,31513,src/bot/domains/admin/callbacks.js
a:admin_users_search,admin,require_redis,False,127,admin,src/bot/bot.js,31494,src/bot/domains/admin/callbacks.js
a:aud,edit,require_redis,True,128,audience,src/bot/bot.js,33056,src/bot/domains/audience/callbacks.js
a:aud_export,edit,require_redis,False,129,audience,src/bot/bot.js,33103,src/bot/domains/audience/callbacks.js
a:aud_reset,edit,require_redis,False,130,audience,src/bot/bot.js,33091,src/bot/domains/audience/callbacks.js
a:aud_search,edit,require_redis,False,131,audience,src/bot/bot.js,33068,src/bot/domains/audience/callbacks.js
a:bc_audience,ops,require_redis,False,132,broadcasts,src/bot/bot.js,32736,src/bot/domains/broadcasts/callbacks.js
a:bc_btn_done,ops,none,False,133,broadcasts,src/bot/bot.js,32825,src/bot/domains/broadcasts/callbacks.js
a:bc_preview,ops,require_redis,False,134,broadcasts,src/bot/bot.js,32688,src/bot/domains/broadcasts/callbacks.js
a:bc_send_q,ops,require_redis,False,135,broadcasts,src/bot/bot.js,32710,src/bot/domains/broadcasts/callbacks.js
a:bc_simple_audience,ops,require_redis,False,136,broadcasts,src/bot/bot.js,32680,src/bot/domains/broadcasts/callbacks.js
a:bc_simple_button,ops,require_redis,False,137,broadcasts,src/bot/bot.js,32616,src/bot/domains/broadcasts/callbacks.js
a:bc_simple_btn_clear,ops,require_redis,False,138,broadcasts,src/bot/bot.js,32666,src/bot/domains/broadcasts/callbacks.js
a:bc_simple_btn_custom,ops,require_redis,False,139,broadcasts,src/bot/bot.js,32640,src/bot/domains/broadcasts/callbacks.js
a:bc_simple_btn_preset,ops,require_redis,False,140,broadcasts,src/bot/bot.js,32624,src/bot/domains/broadcasts/callbacks.js
a:bc_simple_clear,ops,require_redis,False,141,broadcasts,src/bot/bot.js,32725,src/bot/domains/broadcasts/callbacks.js
a:bc_simple_media,ops,require_redis,False,142,broadcasts,src/bot/bot.js,32597,src/bot/domains/broadcasts/callbacks.js
a:bc_simple_media_clear,ops,require_redis,False,143,broadcasts,src/bot/bot.js,32605,src/bot/domains/broadcasts/callbacks.js
a:bc_simple_text,ops,require_redis,False,144,broadcasts,src/bot/bot.js,32589,src/bot/domains/broadcasts/callbacks.js
a:bc_buttons,ops,require_redis,False,145,broadcasts,src/bot/bot.js,32757,src/bot/domains/broadcasts/callbacks.js
a:bc_cancel,ops,none,False,146,broadcasts,src/bot/bot.js,32967,src/bot/domains/broadcasts/callbacks.js
a:bc_confirm,ops,require_redis,False,147,broadcasts,src/bot/bot.js,32835,src/bot/domains/broadcasts/callbacks.js
a:bc_list,ops,none,False,148,broadcasts,src/bot/bot.js,32978,src/bot/domains/broadcasts/callbacks.js
a:bc_pause,ops,require_redis,False,149,broadcasts,src/bot/bot.js,33008,src/bot/domains/broadcasts/callbacks.js
a:bc_resume,ops,require_redis,False,150,broadcasts,src/bot/bot.js,33023,src/bot/domains/broadcasts/callbacks.js
a:bc_start,ops,require_redis,False,151,broadcasts,src/bot/bot.js,32572,src/bot/domains/broadcasts/callbacks.js
a:bc_start_adv,ops,require_redis,False,152,broadcasts,src/bot/bot.js,32580,src/bot/domains/broadcasts/callbacks.js
a:bc_stop,ops,require_redis,False,153,broadcasts,src/bot/bot.js,33038,src/bot/domains/broadcasts/callbacks.js
a:bc_tpl_bp,ops,require_redis,False,154,broadcasts,src/bot/bot.js,32791,src/bot/domains/broadcasts/callbacks.js
a:bc_tpl_gw,ops,require_redis,False,155,broadcasts,src/bot/bot.js,32791,src/bot/domains/broadcasts/callbacks.js
a:bc_tpl_offer,ops,require_redis,False,156,broadcasts,src/bot/bot.js,32791,src/bot/domains/broadcasts/callbacks.js
a:bc_view,ops,none,False,157,broadcasts,src/bot/bot.js,32987,src/bot/domains/broadcasts/callbacks.js
a:bc_blocked,ops,none,False,158,broadcasts,src/bot/bot.js,32997,src/bot/domains/broadcasts/callbacks.js
a:bd_fpick,edit,require_redis,False,159,brand_directory,src/bot/bot.js,25808,src/bot/domains/brands/directoryCallbacks.js
a:bd_freset,edit,require_redis,False,160,brand_directory,src/bot/bot.js,25901,src/bot/domains/brands/directoryCallbacks.js
a:bd_fset,edit,require_redis,False,161,brand_directory,src/bot/bot.js,25818,src/bot/domains/brands/directoryCallbacks.js
a:bd_mclear,edit,require_redis,False,162,brand_directory,src/bot/bot.js,25881,src/bot/domains/brands/directoryCallbacks.js
a:bd_mdone,edit,none,False,163,brand_directory,src/bot/bot.js,25895,src/bot/domains/brands/directoryCallbacks.js
a:bd_mpick,edit,require_redis,False,164,brand_directory,src/bot/bot.js,25850,src/bot/domains/brands/directoryCallbacks.js
a:bd_mt,edit,require_redis,False,165,brand_directory,src/bot/bot.js,25860,src/bot/domains/brands/directoryCallbacks.js
a:blead_cancel,edit,none,False,166,leads,src/bot/bot.js,27532,src/bot/domains/leads/callbacks.js
a:blead_reply,edit,require_redis,False,167,leads,src/bot/bot.js,27510,src/bot/domains/leads/callbacks.js
a:blead_view,edit,none,False,168,leads,src/bot/bot.js,27498,src/bot/domains/leads/callbacks.js
a:bm_add_username,edit,require_redis,False,169,brand_management,src/bot/bot.js,29634,src/bot/domains/brands/managementCallbacks.js
a:bm_help,edit,none,False,170,brand_management,src/bot/bot.js,26053,src/bot/domains/brands/managementCallbacks.js
a:bm_home,edit,none,False,171,brand_management,src/bot/bot.js,26018,src/bot/domains/brands/managementCallbacks.js
a:bm_invite,edit,require_redis,False,172,brand_management,src/bot/bot.js,29604,src/bot/domains/brands/managementCallbacks.js
a:bm_list,edit,none,False,173,brand_management,src/bot/bot.js,29648,src/bot/domains/brands/managementCallbacks.js
a:bm_mode_set,edit,none,False,176,brand_management,src/bot/bot.js,26075,src/bot/domains/brands/managementCallbacks.js
a:bm_pick_brand,edit,none,False,177,brand_management,src/bot/bot.js,26089,src/bot/domains/brands/managementCallbacks.js
a:bm_rm_ok,edit,require_redis,False,178,brand_management,src/bot/bot.js,29692,src/bot/domains/brands/managementCallbacks.js
a:bm_rm_q,edit,none,False,179,brand_management,src/bot/bot.js,29675,src/bot/domains/brands/managementCallbacks.js
a:bm_set_brand,edit,none,False,180,brand_management,src/bot/bot.js,26103,src/bot/domains/brands/managementCallbacks.js
a:bms,edit,none,False,181,brand_management,src/bot/bot.js,26103,src/bot/domains/brands/managementCallbacks.js
a:brand_app_accept,edit,queue_first,False,183,applications,src/bot/bot.js,27905,src/bot/domains/applications/callbacks.js
a:brand_app_accepted_done,edit,none,False,184,applications,src/bot/bot.js,25346,src/bot/domains/applications/callbacks.js
a:brand_app_card,edit,none,False,185,applications,src/bot/bot.js,27945,src/bot/domains/applications/callbacks.js
a:brand_app_chat,edit,none,False,186,applications,src/bot/bot.js,27923,src/bot/domains/applications/callbacks.js
a:brand_app_del_do,edit,require_redis,False,187,applications,src/bot/bot.js,27738,src/bot/domains/applications/callbacks.js
a:brand_app_del_q,edit,none,False,188,applications,src/bot/bot.js,27726,src/bot/domains/applications/callbacks.js
a:brand_app_reply,edit,require_redis,False,189,applications,src/bot/bot.js,27815,src/bot/domains/applications/callbacks.js
a:brand_app_set,edit,require_redis,False,190,applications,src/bot/bot.js,27751,src/bot/domains/applications/callbacks.js
a:brand_app_tpl,edit,require_redis,False,191,applications,src/bot/bot.js,27862,src/bot/domains/applications/callbacks.js
a:brand_app_tpl_send,edit,require_redis,False,192,applications,src/bot/bot.js,27884,src/bot/domains/applications/callbacks.js
a:brand_app_tpls,edit,require_redis,False,193,applications,src/bot/bot.js,27842,src/bot/domains/applications/callbacks.js
a:brand_app_view,edit,none,False,194,applications,src/bot/bot.js,27717,src/bot/domains/applications/callbacks.js
a:brand_apply,edit,require_redis,False,195,applications,src/bot/bot.js,25926,src/bot/domains/applications/callbacks.js
a:brand_apply_clear,edit,require_redis,False,196,applications,src/bot/bot.js,25978,src/bot/domains/applications/callbacks.js
a:brand_apply_done,edit,none,False,197,applications,src/bot/bot.js,25337,src/bot/domains/applications/callbacks.js
a:brand_apply_preview,edit,require_redis,False,198,applications,src/bot/bot.js,25970,src/bot/domains/applications/callbacks.js
a:brand_apply_send,edit,require_redis,False,199,applications,src/bot/bot.js,25987,src/bot/domains/applications/callbacks.js
a:brand_apply_write,edit,require_redis,False,200,applications,src/bot/bot.js,25950,src/bot/domains/applications/callbacks.js
a:brand_apply_cancel,edit,require_redis,False,201,applications,src/bot/bot.js,25958,src/bot/domains/applications/callbacks.js
a:brand_apps,edit,none,False,202,applications,src/bot/bot.js,27542,src/bot/domains/applications/callbacks.js
a:brand_bb_clear,edit,require_redis,False,203,brand_profile,src/bot/bot.js,30083,src/bot/domains/brands/profileCallbacks.js
a:brand_bb_done,edit,none,False,204,brand_profile,src/bot/bot.js,30096,src/bot/domains/brands/profileCallbacks.js
a:brand_bb_pick,edit,require_redis,False,205,brand_profile,src/bot/bot.js,30053,src/bot/domains/brands/profileCallbacks.js
a:brand_bb_set,edit,require_redis,False,206,brand_profile,src/bot/bot.js,30065,src/bot/domains/brands/profileCallbacks.js
a:brand_buy,pay,require_redis,False,207,brand_profile,src/bot/bot.js,29495,src/bot/domains/brands/profileCallbacks.js
a:brand_continue,edit,require_redis,False,208,brand_profile,src/bot/bot.js,29880,src/bot/domains/brands/profileCallbacks.js
a:brand_deal_reply,edit,require_redis,False,209,applications,src/bot/bot.js,27668,src/bot/domains/applications/callbacks.js
a:brand_deal_set,edit,require_redis,False,210,applications,src/bot/bot.js,27640,src/bot/domains/applications/callbacks.js
a:brand_deal_tpl,edit,require_redis,False,211,applications,src/bot/bot.js,27706,src/bot/domains/applications/callbacks.js
a:brand_deal_tpls,edit,require_redis,False,212,applications,src/bot/bot.js,27697,src/bot/domains/applications/callbacks.js
a:brand_deal_view,edit,none,False,213,applications,src/bot/bot.js,27632,src/bot/domains/applications/callbacks.js
a:brand_deals,edit,require_redis,False,214,applications,src/bot/bot.js,27554,src/bot/domains/applications/callbacks.js
a:brand_deals_filters_clear,edit,require_redis,False,215,applications,src/bot/bot.js,27592,src/bot/domains/applications/callbacks.js
a:brand_deals_mine_toggle,edit,require_redis,False,216,applications,src/bot/bot.js,27608,src/bot/domains/applications/callbacks.js
a:brand_deals_search,edit,require_redis,False,217,applications,src/bot/bot.js,27566,src/bot/domains/applications/callbacks.js
a:brand_deals_search_clear,edit,require_redis,False,218,applications,src/bot/bot.js,27581,src/bot/domains/applications/callbacks.js
a:brand_dir_open,edit,none,False,219,brand_directory,src/bot/bot.js,25915,src/bot/domains/brands/directoryCallbacks.js
a:brand_gt_clear,edit,require_redis,False,220,brand_profile,src/bot/bot.js,30142,src/bot/domains/brands/profileCallbacks.js
a:brand_gt_done,edit,none,False,221,brand_profile,src/bot/bot.js,30155,src/bot/domains/brands/profileCallbacks.js
a:brand_gt_pick,edit,require_redis,False,222,brand_profile,src/bot/bot.js,30108,src/bot/domains/brands/profileCallbacks.js
a:brand_gt_t,edit,require_redis,False,223,brand_profile,src/bot/bot.js,30120,src/bot/domains/brands/profileCallbacks.js
a:brand_managers,edit,require_redis,False,224,brand_profile,unresolved_or_generated,,src/bot/domains/brands/profileCallbacks.js
a:brand_niche_clear,edit,require_redis,False,225,brand_profile,src/bot/bot.js,29851,src/bot/domains/brands/profileCallbacks.js
a:brand_niche_pick,edit,require_redis,False,226,brand_profile,src/bot/bot.js,29802,src/bot/domains/brands/profileCallbacks.js
a:brand_niche_set,edit,require_redis,False,227,brand_profile,src/bot/bot.js,29823,src/bot/domains/brands/profileCallbacks.js
a:brand_pass,edit,require_redis,False,228,brand_profile,src/bot/bot.js,30275,src/bot/domains/brands/profileCallbacks.js
a:brand_plan,pay,require_redis,False,229,payments,src/bot/bot.js,30299,src/bot/domains/payments/callbacks.js
a:brand_plan_buy,pay,require_redis,False,230,payments,src/bot/bot.js,30319,src/bot/domains/payments/callbacks.js
a:brand_prof_more,edit,none,False,231,brand_profile,src/bot/bot.js,29905,src/bot/domains/brands/profileCallbacks.js
a:brand_prof_reset,edit,require_redis,False,232,brand_profile,src/bot/bot.js,30227,src/bot/domains/brands/profileCallbacks.js
a:brand_prof_reset_ok,edit,require_redis,False,233,brand_profile,src/bot/bot.js,30249,src/bot/domains/brands/profileCallbacks.js
a:brand_prof_set,edit,require_redis,False,234,brand_profile,src/bot/bot.js,29917,src/bot/domains/brands/profileCallbacks.js
a:brand_profile,edit,none,False,235,brand_profile,src/bot/bot.js,29756,src/bot/domains/brands/profileCallbacks.js
a:brand_profile_edit,edit,require_redis,False,236,brand_profile,src/bot/bot.js,29779,src/bot/domains/brands/profileCallbacks.js
a:brand_profile_more,edit,none,False,237,brand_profile,src/bot/bot.js,29876,src/bot/domains/brands/profileCallbacks.js
a:brand_rt_clear,edit,require_redis,False,238,brand_profile,src/bot/bot.js,30201,src/bot/domains/brands/profileCallbacks.js
a:brand_rt_done,edit,none,False,239,brand_profile,src/bot/bot.js,30214,src/bot/domains/brands/profileCallbacks.js
a:brand_rt_pick,edit,require_redis,False,240,brand_profile,src/bot/bot.js,30167,src/bot/domains/brands/profileCallbacks.js
a:brand_rt_t,edit,require_redis,False,241,brand_profile,src/bot/bot.js,30179,src/bot/domains/brands/profileCallbacks.js
a:brand_team,edit,require_redis,False,242,brand_profile,src/bot/bot.js,29571,src/bot/domains/brands/profileCallbacks.js
a:brand_team_help,edit,none,False,243,brand_profile,src/bot/bot.js,29536,src/bot/domains/brands/profileCallbacks.js
a:brand_team_home,edit,none,False,244,brand_profile,unresolved_or_generated,,src/bot/domains/brands/profileCallbacks.js
a:brand_ty_clear,edit,require_redis,False,245,brand_profile,src/bot/bot.js,30012,src/bot/domains/brands/profileCallbacks.js
a:brand_ty_done,edit,none,False,246,brand_profile,src/bot/bot.js,30039,src/bot/domains/brands/profileCallbacks.js
a:brand_ty_t,edit,require_redis,False,247,brand_profile,src/bot/bot.js,29959,src/bot/domains/brands/profileCallbacks.js
a:brands_filters,edit,require_redis,False,248,brand_directory,src/bot/bot.js,25802,src/bot/domains/brands/directoryCallbacks.js
a:brands_home,edit,none,False,249,brand_directory,src/bot/bot.js,25770,src/bot/domains/brands/directoryCallbacks.js
a:bx_archive,edit,require_redis,False,250,barter,src/bot/bot.js,35601,src/bot/domains/barter/callbacks.js
a:bx_bump,edit,require_redis,False,251,barter,src/bot/bot.js,34888,src/bot/domains/barter/callbacks.js
a:bx_cat,edit,require_redis,False,252,barter,src/bot/bot.js,35085,src/bot/domains/barter/callbacks.js
a:bx_comp,edit,require_redis,False,253,barter,src/bot/bot.js,35114,src/bot/domains/barter/callbacks.js
a:bx_comp_pick,edit,require_redis,False,254,barter,src/bot/bot.js,35251,src/bot/domains/barter/callbacks.js
a:bx_del_do,edit,require_redis,False,255,barter,src/bot/bot.js,35647,src/bot/domains/barter/callbacks.js
a:bx_del_q,edit,none,False,256,barter,src/bot/bot.js,35631,src/bot/domains/barter/callbacks.js
a:bx_enable_net,edit,require_redis,False,257,barter,src/bot/bot.js,33616,src/bot/domains/barter/callbacks.js
a:bx_fcat,edit,require_redis,False,258,barter,unresolved_or_generated,,src/bot/domains/barter/callbacks.js
a:bx_fcomp,edit,require_redis,False,259,barter,unresolved_or_generated,,src/bot/domains/barter/callbacks.js
a:bx_feed,edit,require_redis,False,260,barter,src/bot/bot.js,33680,src/bot/domains/barter/callbacks.js
a:bx_filters,edit,require_redis,False,261,barter,src/bot/bot.js,33700,src/bot/domains/barter/callbacks.js
a:bx_fpick,edit,require_redis,False,262,barter,src/bot/bot.js,33841,src/bot/domains/barter/callbacks.js
a:bx_freset,edit,require_redis,False,263,barter,src/bot/bot.js,33902,src/bot/domains/barter/callbacks.js
a:bx_fset,edit,require_redis,False,264,barter,src/bot/bot.js,33867,src/bot/domains/barter/callbacks.js
a:bx_ftype,edit,require_redis,False,265,barter,unresolved_or_generated,,src/bot/domains/barter/callbacks.js
a:bx_home,edit,none,False,266,barter,src/bot/bot.js,33595,src/bot/domains/barter/callbacks.js
a:bx_inbox,edit,none,False,267,barter,src/bot/bot.js,34608,src/bot/domains/barter/callbacks.js
a:bx_kind,edit,require_redis,False,268,barter,src/bot/bot.js,35071,src/bot/domains/barter/callbacks.js
a:bx_mclear,edit,require_redis,False,269,barter,src/bot/bot.js,33791,src/bot/domains/barter/callbacks.js
a:bx_mdone,edit,none,False,270,barter,src/bot/bot.js,33820,src/bot/domains/barter/callbacks.js
a:bx_media_clear,edit,require_redis,False,271,barter,src/bot/bot.js,35509,src/bot/domains/barter/callbacks.js
a:bx_media_gif,edit,require_redis,False,272,barter,src/bot/bot.js,35539,src/bot/domains/barter/callbacks.js
a:bx_media_photo,edit,require_redis,False,273,barter,src/bot/bot.js,35526,src/bot/domains/barter/callbacks.js
a:bx_media_preview,edit,none,False,274,barter,src/bot/bot.js,35565,src/bot/domains/barter/callbacks.js
a:bx_media_step,edit,require_redis,False,275,barter,src/bot/bot.js,35498,src/bot/domains/barter/callbacks.js
a:bx_media_video,edit,require_redis,False,276,barter,src/bot/bot.js,35552,src/bot/domains/barter/callbacks.js
a:bx_mpick,edit,require_redis,False,277,barter,src/bot/bot.js,33723,src/bot/domains/barter/callbacks.js
a:bx_msg,edit,require_redis,False,278,barter,src/bot/bot.js,34353,src/bot/domains/barter/callbacks.js
a:bx_mt,edit,require_redis,False,279,barter,src/bot/bot.js,33750,src/bot/domains/barter/callbacks.js
a:bx_my,edit,require_redis,False,280,barter,src/bot/bot.js,34966,src/bot/domains/barter/callbacks.js
a:bx_my_arch,edit,require_redis,False,281,barter,src/bot/bot.js,34972,src/bot/domains/barter/callbacks.js
a:bx_new,edit,require_redis,False,282,barter,src/bot/bot.js,34978,src/bot/domains/barter/callbacks.js
a:bx_open,edit,none,False,283,barter,src/bot/bot.js,33603,src/bot/domains/barter/callbacks.js
a:bx_otclr,edit,require_redis,False,284,barter,src/bot/bot.js,35320,src/bot/domains/barter/callbacks.js
a:bx_otdone,edit,none,False,285,barter,src/bot/bot.js,35342,src/bot/domains/barter/callbacks.js
a:bx_otnext,edit,none,False,286,barter,src/bot/bot.js,35353,src/bot/domains/barter/callbacks.js
a:bx_otpick,edit,require_redis,False,287,barter,src/bot/bot.js,35275,src/bot/domains/barter/callbacks.js
a:bx_otskip,edit,none,False,288,barter,src/bot/bot.js,35377,src/bot/domains/barter/callbacks.js
a:bx_ott,edit,require_redis,False,289,barter,src/bot/bot.js,35289,src/bot/domains/barter/callbacks.js
a:bx_ottags,edit,require_redis,False,290,barter,src/bot/bot.js,35265,src/bot/domains/barter/callbacks.js
a:bx_params,edit,require_redis,False,291,barter,src/bot/bot.js,35057,src/bot/domains/barter/callbacks.js
a:bx_partner_folder_clear,edit,require_redis,False,292,barter,src/bot/bot.js,36251,src/bot/domains/barter/callbacks.js
a:bx_partner_folder_pick,edit,require_redis,False,293,barter,src/bot/bot.js,36215,src/bot/domains/barter/callbacks.js
a:bx_partner_folder_set,edit,require_redis,False,294,barter,src/bot/bot.js,36234,src/bot/domains/barter/callbacks.js
a:bx_pause,edit,require_redis,False,295,barter,src/bot/bot.js,35576,src/bot/domains/barter/callbacks.js
a:bx_pin_clear,edit,require_redis,False,296,barter,src/bot/bot.js,34875,src/bot/domains/barter/callbacks.js
a:bx_pin_set,edit,require_redis,False,297,barter,src/bot/bot.js,34861,src/bot/domains/barter/callbacks.js
a:bx_preset_apply,edit,require_redis,False,298,barter,src/bot/bot.js,35031,src/bot/domains/barter/callbacks.js
a:bx_preset_home,edit,none,False,299,barter,src/bot/bot.js,35018,src/bot/domains/barter/callbacks.js
a:bx_proof_link,edit,require_redis,False,300,barter,src/bot/bot.js,34664,src/bot/domains/barter/callbacks.js
a:bx_proof_photo,edit,require_redis,False,301,barter,src/bot/bot.js,34683,src/bot/domains/barter/callbacks.js
a:bx_proofs,edit,require_redis,False,302,barter,src/bot/bot.js,34648,src/bot/domains/barter/callbacks.js
a:bx_pub,edit,require_redis,False,303,barter,src/bot/bot.js,33921,src/bot/domains/barter/callbacks.js
a:bx_pub_done,edit,none,False,304,barter,src/bot/bot.js,25327,src/bot/domains/barter/callbacks.js
a:bx_publish,edit,require_redis,False,305,barter,src/bot/bot.js,35395,src/bot/domains/barter/callbacks.js
a:bx_publish_hint,edit,require_redis,False,306,barter,src/bot/bot.js,35365,src/bot/domains/barter/callbacks.js
a:bx_report_offer,edit,require_redis,False,307,barter,src/bot/bot.js,34328,src/bot/domains/barter/callbacks.js
a:bx_report_thread,edit,require_redis,False,308,barter,src/bot/bot.js,34341,src/bot/domains/barter/callbacks.js
a:bx_restore,edit,require_redis,False,309,barter,src/bot/bot.js,35614,src/bot/domains/barter/callbacks.js
a:bx_resume,edit,require_redis,False,310,barter,src/bot/bot.js,35588,src/bot/domains/barter/callbacks.js
a:bx_retry_help,edit,none,False,311,barter,src/bot/bot.js,34638,src/bot/domains/barter/callbacks.js
a:bx_smart,edit,require_redis,False,312,barter,src/bot/bot.js,33622,src/bot/domains/barter/callbacks.js
a:bx_smart_reset,edit,require_redis,False,313,barter,src/bot/bot.js,33660,src/bot/domains/barter/callbacks.js
a:bx_stage,edit,require_redis,False,314,barter,src/bot/bot.js,34702,src/bot/domains/barter/callbacks.js
a:bx_thread,edit,none,False,315,barter,src/bot/bot.js,34621,src/bot/domains/barter/callbacks.js
a:bx_thread_close_do,edit,require_redis,False,316,barter,src/bot/bot.js,34805,src/bot/domains/barter/callbacks.js
a:bx_thread_close_q,edit,none,False,317,barter,src/bot/bot.js,34788,src/bot/domains/barter/callbacks.js
a:bx_thread_del_do,edit,require_redis,False,318,barter,src/bot/bot.js,34843,src/bot/domains/barter/callbacks.js
a:bx_thread_del_q,edit,none,False,319,barter,src/bot/bot.js,34826,src/bot/domains/barter/callbacks.js
a:bx_thread_new,edit,require_redis,False,320,barter,unresolved_or_generated,,src/bot/domains/barter/callbacks.js
a:bx_thread_reply,edit,require_redis,False,321,barter,src/bot/bot.js,34769,src/bot/domains/barter/callbacks.js
a:bx_thread_triage,edit,require_redis,False,322,barter,src/bot/bot.js,34736,src/bot/domains/barter/callbacks.js
a:bx_thread_write,edit,require_redis,False,323,barter,unresolved_or_generated,,src/bot/domains/barter/callbacks.js
a:bx_type,edit,require_redis,False,324,barter,src/bot/bot.js,35099,src/bot/domains/barter/callbacks.js
a:bx_view,edit,none,False,325,barter,src/bot/bot.js,35491,src/bot/domains/barter/callbacks.js
a:bx_w5,edit,require_redis,False,326,barter,src/bot/bot.js,35130,src/bot/domains/barter/callbacks.js
a:bx_w6,edit,require_redis,False,327,barter,src/bot/bot.js,35141,src/bot/domains/barter/callbacks.js
a:bx_wtagclr,edit,require_redis,False,328,barter,src/bot/bot.js,35221,src/bot/domains/barter/callbacks.js
a:bx_wtagdone,edit,none,False,329,barter,src/bot/bot.js,35241,src/bot/domains/barter/callbacks.js
a:bx_wtagpick,edit,require_redis,False,330,barter,src/bot/bot.js,35181,src/bot/domains/barter/callbacks.js
a:bx_wtags,edit,require_redis,False,331,barter,src/bot/bot.js,35171,src/bot/domains/barter/callbacks.js
a:bx_wtagt,edit,require_redis,False,332,barter,src/bot/bot.js,35193,src/bot/domains/barter/callbacks.js
a:bx_wtext,edit,require_redis,False,333,barter,src/bot/bot.js,35160,src/bot/domains/barter/callbacks.js
a:cur_add_username,edit,none,False,334,curation,src/bot/bot.js,35865,src/bot/domains/curation/callbacks.js
a:cur_audit,edit,none,False,335,curation,src/bot/bot.js,35901,src/bot/domains/curation/callbacks.js
a:ca,edit,none,False,336,leads,src/bot/bot.js,35901,src/bot/domains/leads/callbacks.js
a:cur_gw_check_do,edit,none,False,337,giveaways,src/bot/bot.js,26820,src/bot/domains/giveaways/callbacks.js
a:cur_gw_check_q,edit,none,False,338,giveaways,src/bot/bot.js,26790,src/bot/domains/giveaways/callbacks.js
a:cur_gw_log,edit,none,False,339,giveaways,src/bot/bot.js,26733,src/bot/domains/giveaways/callbacks.js
a:cur_gw_note_q,edit,none,False,340,giveaways,src/bot/bot.js,26853,src/bot/domains/giveaways/callbacks.js
a:cur_gw_open,edit,none,False,341,giveaways,src/bot/bot.js,26710,src/bot/domains/giveaways/callbacks.js
a:cur_gw_owner_q,edit,none,False,342,giveaways,src/bot/bot.js,26766,src/bot/domains/giveaways/callbacks.js
a:cur_gw_owner_send,edit,none,False,343,giveaways,src/bot/bot.js,26777,src/bot/domains/giveaways/callbacks.js
a:cur_gw_remind_q,edit,none,False,344,giveaways,src/bot/bot.js,26744,src/bot/domains/giveaways/callbacks.js
a:cur_gw_remind_send,edit,none,False,345,giveaways,src/bot/bot.js,26755,src/bot/domains/giveaways/callbacks.js
a:cur_gw_stats,edit,none,False,346,giveaways,src/bot/bot.js,26722,src/bot/domains/giveaways/callbacks.js
a:cur_home,edit,none,False,347,curation,src/bot/bot.js,26571,src/bot/domains/curation/callbacks.js
a:cur_inbox,edit,none,False,348,curation,src/bot/bot.js,26583,src/bot/domains/curation/callbacks.js
a:cur_invite,edit,none,False,349,curation,src/bot/bot.js,35826,src/bot/domains/curation/callbacks.js
a:cur_leave_do,edit,none,False,350,curation,src/bot/bot.js,26680,src/bot/domains/curation/callbacks.js
a:cur_leave_q,edit,none,False,351,curation,src/bot/bot.js,26637,src/bot/domains/curation/callbacks.js
a:cur_list,edit,none,False,352,curation,src/bot/bot.js,35892,src/bot/domains/curation/callbacks.js
a:cur_manage,edit,none,False,353,curation,src/bot/bot.js,35813,src/bot/domains/curation/callbacks.js
a:cur_mode_set,edit,none,False,354,curation,src/bot/bot.js,26535,src/bot/domains/curation/callbacks.js
a:cur_note_cancel,edit,none,False,355,curation,src/bot/bot.js,26904,src/bot/domains/curation/callbacks.js
a:cur_rm_do,edit,none,False,356,curation,src/bot/bot.js,35939,src/bot/domains/curation/callbacks.js
a:cur_rm_q,edit,none,False,357,curation,src/bot/bot.js,35923,src/bot/domains/curation/callbacks.js
a:cur_ws,edit,none,False,358,workspaces,src/bot/bot.js,26618,src/bot/domains/workspaces/callbacks.js
a:cur_ws_off,edit,none,False,359,workspaces,src/bot/bot.js,26598,src/bot/domains/workspaces/callbacks.js
a:curator_home,edit,none,False,360,curation,unresolved_or_generated,,src/bot/domains/curation/callbacks.js
a:curators,edit,require_redis,False,361,curation,unresolved_or_generated,,src/bot/domains/curation/callbacks.js
a:curators_home,edit,none,False,362,curation,unresolved_or_generated,,src/bot/domains/curation/callbacks.js
a:feat_buy,pay,require_redis,False,363,monetization_products,src/bot/bot.js,30587,src/bot/domains/monetization/callbacks.js
a:feat_example,edit,require_redis,False,364,monetization_products,src/bot/bot.js,30535,src/bot/domains/monetization/callbacks.js
a:feat_home,edit,none,False,365,monetization_products,src/bot/bot.js,30526,src/bot/domains/monetization/callbacks.js
a:feat_inc,edit,require_redis,False,366,monetization_products,src/bot/bot.js,30544,src/bot/domains/monetization/callbacks.js
a:feat_stop,edit,require_redis,False,367,monetization_products,src/bot/bot.js,30627,src/bot/domains/monetization/callbacks.js
a:feat_view,edit,none,False,368,monetization_products,src/bot/bot.js,30619,src/bot/domains/monetization/callbacks.js
a:folder_add,edit,require_redis,False,369,workspaces,src/bot/bot.js,36017,src/bot/domains/workspaces/callbacks.js
a:folder_clear_do,edit,require_redis,False,370,workspaces,src/bot/bot.js,36076,src/bot/domains/workspaces/callbacks.js
a:folder_clear_q,edit,none,False,371,workspaces,src/bot/bot.js,36063,src/bot/domains/workspaces/callbacks.js
a:folder_delete_do,edit,require_redis,False,372,workspaces,src/bot/bot.js,36101,src/bot/domains/workspaces/callbacks.js
a:folder_delete_q,edit,none,False,373,workspaces,src/bot/bot.js,36088,src/bot/domains/workspaces/callbacks.js
a:folder_export,edit,require_redis,False,374,workspaces,src/bot/bot.js,36113,src/bot/domains/workspaces/callbacks.js
a:folder_new,edit,require_redis,False,375,workspaces,src/bot/bot.js,36004,src/bot/domains/workspaces/callbacks.js
a:folder_open,edit,none,False,376,workspaces,src/bot/bot.js,35998,src/bot/domains/workspaces/callbacks.js
a:folder_remove,edit,require_redis,False,377,workspaces,src/bot/bot.js,36037,src/bot/domains/workspaces/callbacks.js
a:folder_rename,edit,require_redis,False,378,workspaces,src/bot/bot.js,36050,src/bot/domains/workspaces/callbacks.js
a:folders_home,edit,none,False,379,workspaces,src/bot/bot.js,35992,src/bot/domains/workspaces/callbacks.js
a:folders_my,edit,require_redis,False,380,workspaces,src/bot/bot.js,35978,src/bot/domains/workspaces/callbacks.js
a:founder,pay,require_redis,False,381,founder,src/bot/bot.js,26336,src/bot/domains/founder/callbacks.js
a:founder_buy,pay,require_redis,False,382,founder,src/bot/bot.js,26342,src/bot/domains/founder/callbacks.js
a:go_dialogs,edit,require_redis,False,383,applications,src/bot/bot.js,25354,src/bot/domains/applications/callbacks.js
a:go_requests,edit,none,False,384,applications,src/bot/bot.js,25379,src/bot/domains/applications/callbacks.js
a:guide,edit,require_redis,False,385,navigation,src/bot/bot.js,25200,src/bot/domains/navigation/callbacks.js
a:gw_access,ops,require_redis,False,386,giveaways,src/bot/routes/gwAccess.js,,src/bot/domains/giveaways/callbacks.js
a:gw_access_checkme,ops,require_redis,False,387,giveaways,src/bot/routes/gwAccess.js,,src/bot/domains/giveaways/callbacks.js
a:gw_access_recheck,ops,require_redis,False,388,giveaways,src/bot/routes/gwAccess.js,,src/bot/domains/giveaways/callbacks.js
a:gw_access_user_prompt,ops,require_redis,False,389,giveaways,src/bot/routes/gwAccess.js,,src/bot/domains/giveaways/callbacks.js
a:gw_check,ops,require_redis,False,390,giveaways,src/bot/bot.js,37397,src/bot/domains/giveaways/callbacks.js
a:gw_confirm_push,ops,require_redis,False,391,giveaways,src/bot/bot.js,37148,src/bot/domains/giveaways/callbacks.js
a:gw_deadline,ops,require_redis,False,392,giveaways,src/bot/bot.js,37002,src/bot/domains/giveaways/callbacks.js
a:gw_deadline_custom,ops,require_redis,False,393,giveaways,src/bot/bot.js,37019,src/bot/domains/giveaways/callbacks.js
a:gw_del_do,ops,require_redis,False,394,giveaways,src/bot/bot.js,36514,src/bot/domains/giveaways/callbacks.js
a:gw_del_q,ops,none,False,395,giveaways,src/bot/bot.js,36490,src/bot/domains/giveaways/callbacks.js
a:gw_draw_do,ops,require_redis,False,396,giveaways,src/bot/bot.js,37612,src/bot/domains/giveaways/callbacks.js
a:gw_draw_now,ops,require_redis,False,397,giveaways,src/bot/bot.js,37554,src/bot/domains/giveaways/callbacks.js
a:gw_end_do,ops,require_redis,False,398,giveaways,src/bot/bot.js,37519,src/bot/domains/giveaways/callbacks.js
a:gw_end_now,ops,require_redis,False,399,giveaways,src/bot/bot.js,37507,src/bot/domains/giveaways/callbacks.js
a:gw_export,ops,require_redis,False,400,giveaways,src/bot/bot.js,36792,src/bot/domains/giveaways/callbacks.js
a:gw_join,ops,require_redis,False,401,giveaways,src/bot/bot.js,37355,src/bot/domains/giveaways/callbacks.js
a:gw_list,ops,none,False,402,giveaways,src/bot/bot.js,36455,src/bot/domains/giveaways/callbacks.js
a:gw_list_ws,ops,none,False,403,giveaways,src/bot/bot.js,36466,src/bot/domains/giveaways/callbacks.js
a:gw_log,ops,require_redis,False,404,giveaways,src/bot/bot.js,36482,src/bot/domains/giveaways/callbacks.js
a:gw_media_clear,ops,require_redis,False,405,giveaways,src/bot/bot.js,37046,src/bot/domains/giveaways/callbacks.js
a:gw_media_gif,ops,require_redis,False,406,giveaways,src/bot/bot.js,37070,src/bot/domains/giveaways/callbacks.js
a:gw_media_photo,ops,require_redis,False,407,giveaways,src/bot/bot.js,37058,src/bot/domains/giveaways/callbacks.js
a:gw_media_skip,ops,none,False,408,giveaways,src/bot/bot.js,37038,src/bot/domains/giveaways/callbacks.js
a:gw_media_step,ops,require_redis,False,409,giveaways,src/bot/bot.js,37030,src/bot/domains/giveaways/callbacks.js
a:gw_media_video,ops,require_redis,False,410,giveaways,src/bot/bot.js,37081,src/bot/domains/giveaways/callbacks.js
a:gw_new,ops,require_redis,False,411,giveaways,src/bot/bot.js,36854,src/bot/domains/giveaways/callbacks.js
a:gw_new_pick,ops,require_redis,False,412,giveaways,src/bot/bot.js,36461,src/bot/domains/giveaways/callbacks.js
a:gw_open,ops,none,False,413,giveaways,src/bot/bot.js,36472,src/bot/domains/giveaways/callbacks.js
a:gw_open_public,ops,none,False,414,giveaways,src/bot/bot.js,36785,src/bot/domains/giveaways/callbacks.js
a:gw_preflight,ops,require_redis,False,415,giveaways,src/bot/bot.js,36814,src/bot/domains/giveaways/callbacks.js
a:gw_preset_apply,ops,require_redis,False,416,giveaways,src/bot/bot.js,36895,src/bot/domains/giveaways/callbacks.js
a:gw_preset_home,ops,none,False,417,giveaways,src/bot/bot.js,36883,src/bot/domains/giveaways/callbacks.js
a:gw_preview,ops,none,False,418,giveaways,src/bot/bot.js,37093,src/bot/domains/giveaways/callbacks.js
a:gw_prize,ops,require_redis,False,419,giveaways,src/bot/bot.js,36912,src/bot/domains/giveaways/callbacks.js
a:gw_publish,ops,require_redis,False,420,giveaways,src/bot/bot.js,37155,src/bot/domains/giveaways/callbacks.js
a:gw_publish_results,ops,require_redis,False,421,giveaways,src/bot/bot.js,36532,src/bot/domains/giveaways/callbacks.js
a:gw_remind_q,ops,none,False,422,giveaways,src/bot/bot.js,37449,src/bot/domains/giveaways/callbacks.js
a:gw_remind_send,ops,require_redis,False,423,giveaways,src/bot/bot.js,37464,src/bot/domains/giveaways/callbacks.js
a:gw_results_refresh,ops,require_redis,False,424,giveaways,src/bot/bot.js,36682,src/bot/domains/giveaways/callbacks.js
a:gw_sponsors_clear,ops,require_redis,False,425,giveaways,src/bot/bot.js,36326,src/bot/domains/giveaways/callbacks.js
a:gw_sponsors_edit,ops,require_redis,False,426,giveaways,src/bot/bot.js,36307,src/bot/domains/giveaways/callbacks.js
a:gw_sponsors_enter,ops,require_redis,False,427,giveaways,src/bot/bot.js,36283,src/bot/domains/giveaways/callbacks.js
a:gw_sponsors_from_folder,ops,require_redis,False,428,giveaways,src/bot/bot.js,36391,src/bot/domains/giveaways/callbacks.js
a:gw_sponsors_help,ops,none,False,429,giveaways,src/bot/bot.js,36364,src/bot/domains/giveaways/callbacks.js
a:gw_sponsors_next,ops,none,False,430,giveaways,src/bot/bot.js,36342,src/bot/domains/giveaways/callbacks.js
a:gw_sponsors_skip,ops,none,False,431,giveaways,src/bot/bot.js,36266,src/bot/domains/giveaways/callbacks.js
a:gw_sponsors_use_folder,ops,require_redis,False,432,giveaways,src/bot/bot.js,36412,src/bot/domains/giveaways/callbacks.js
a:gw_stats,ops,require_redis,False,433,giveaways,src/bot/bot.js,36477,src/bot/domains/giveaways/callbacks.js
a:gw_step_deadline,ops,require_redis,False,434,giveaways,src/bot/bot.js,36995,src/bot/domains/giveaways/callbacks.js
a:gw_step_sponsors,ops,require_redis,False,435,giveaways,src/bot/bot.js,36970,src/bot/domains/giveaways/callbacks.js
a:gw_why,ops,require_redis,False,436,giveaways,src/bot/bot.js,36821,src/bot/domains/giveaways/callbacks.js
a:gw_why_enter,ops,require_redis,False,437,giveaways,src/bot/bot.js,36826,src/bot/domains/giveaways/callbacks.js
a:gw_why_forward,ops,require_redis,False,438,giveaways,src/bot/bot.js,36836,src/bot/domains/giveaways/callbacks.js
a:gw_why_recheck,ops,require_redis,False,439,giveaways,src/bot/bot.js,36846,src/bot/domains/giveaways/callbacks.js
a:gw_winners,ops,require_redis,False,440,giveaways,src/bot/bot.js,36927,src/bot/domains/giveaways/callbacks.js
a:gw_winners_custom,ops,require_redis,False,441,giveaways,src/bot/bot.js,36958,src/bot/domains/giveaways/callbacks.js
a:gw_wv,ops,require_redis,False,442,giveaways,src/bot/bot.js,37545,src/bot/domains/giveaways/callbacks.js
a:home,edit,none,False,443,navigation,src/bot/bot.js,26427,src/bot/domains/navigation/callbacks.js
a:home_hint_ack,edit,none,False,444,navigation,src/bot/bot.js,26437,src/bot/domains/navigation/callbacks.js
a:home_hub,edit,none,False,445,navigation,unresolved_or_generated,,src/bot/domains/navigation/callbacks.js
a:home_mode,edit,none,False,446,navigation,src/bot/bot.js,26445,src/bot/domains/navigation/callbacks.js
a:lead_assign,edit,require_redis,False,447,leads,src/bot/bot.js,28078,src/bot/domains/leads/callbacks.js
a:lead_del_do,edit,require_redis,False,448,leads,src/bot/bot.js,28192,src/bot/domains/leads/callbacks.js
a:lead_del_q,edit,none,False,449,leads,src/bot/bot.js,28177,src/bot/domains/leads/callbacks.js
a:lead_note,edit,require_redis,False,450,leads,src/bot/bot.js,28425,src/bot/domains/leads/callbacks.js
a:lead_note_cancel,edit,none,False,451,leads,src/bot/bot.js,28403,src/bot/domains/leads/callbacks.js
a:lead_note_text,edit,require_redis,False,452,leads,src/bot/bot.js,28499,src/bot/domains/leads/callbacks.js
a:lead_note_tpl,edit,require_redis,False,453,leads,src/bot/bot.js,28565,src/bot/domains/leads/callbacks.js
a:lead_notes,edit,require_redis,False,454,leads,src/bot/bot.js,28384,src/bot/domains/leads/callbacks.js
a:lead_reply,edit,require_redis,False,455,leads,src/bot/bot.js,28650,src/bot/domains/leads/callbacks.js
a:lead_set,edit,require_redis,False,456,leads,src/bot/bot.js,28223,src/bot/domains/leads/callbacks.js
a:lead_tpl,edit,require_redis,False,457,leads,src/bot/bot.js,28025,src/bot/domains/leads/callbacks.js
a:lead_tpl_send,edit,require_redis,False,458,leads,src/bot/bot.js,28051,src/bot/domains/leads/callbacks.js
a:lead_tpls,edit,require_redis,False,459,leads,src/bot/bot.js,28011,src/bot/domains/leads/callbacks.js
a:lead_view,edit,none,False,460,leads,src/bot/bot.js,27978,src/bot/domains/leads/callbacks.js
a:main_menu,edit,none,False,461,navigation,src/bot/bot.js,26527,src/bot/domains/navigation/callbacks.js
a:match_buy,pay,require_redis,False,462,monetization_products,src/bot/bot.js,30494,src/bot/domains/monetization/callbacks.js
a:match_example,edit,require_redis,False,463,monetization_products,src/bot/bot.js,30444,src/bot/domains/monetization/callbacks.js
a:match_home,edit,none,False,464,monetization_products,src/bot/bot.js,30435,src/bot/domains/monetization/callbacks.js
a:match_inc,edit,require_redis,False,465,monetization_products,src/bot/bot.js,30453,src/bot/domains/monetization/callbacks.js
a:menu,edit,none,False,466,navigation,src/bot/bot.js,26246,src/bot/domains/navigation/callbacks.js
a:menu_push,edit,none,False,467,navigation,src/bot/bot.js,26191,src/bot/domains/navigation/callbacks.js
a:h,view,none,False,468,navigation,src/bot/bot.js,24928,src/bot/domains/navigation/callbacks.js
a:notice,view,require_redis,False,469,notifications,src/bot/bot.js,26293,src/bot/domains/notifications/callbacks.js
a:push_ack,view,none,False,470,notifications,unresolved_or_generated,,src/bot/domains/notifications/callbacks.js
a:usr_ack,view,none,False,471,onboarding,src/bot/bot.js,26259,src/bot/domains/onboarding/callbacks.js
a:mod_home,edit,none,False,472,moderation,src/bot/bot.js,33496,src/bot/domains/moderation/callbacks.js
a:mod_r_close,edit,require_redis,False,473,moderation,src/bot/bot.js,33530,src/bot/domains/moderation/callbacks.js
a:mod_r_freeze,edit,require_redis,False,474,moderation,src/bot/bot.js,33517,src/bot/domains/moderation/callbacks.js
a:mod_r_resolve,edit,require_redis,False,475,moderation,src/bot/bot.js,33543,src/bot/domains/moderation/callbacks.js
a:mod_report,edit,require_redis,False,476,moderation,src/bot/bot.js,33510,src/bot/domains/moderation/callbacks.js
a:mod_reports,edit,require_redis,False,477,moderation,src/bot/bot.js,33503,src/bot/domains/moderation/callbacks.js
a:mod_verif_approve,edit,require_redis,False,478,moderation,src/bot/bot.js,33569,src/bot/domains/moderation/callbacks.js
a:mod_verif_reject,edit,require_redis,False,479,moderation,src/bot/bot.js,33582,src/bot/domains/moderation/callbacks.js
a:mod_verif_view,edit,none,False,480,moderation,src/bot/bot.js,33561,src/bot/domains/moderation/callbacks.js
a:mod_verifs,edit,require_redis,False,481,moderation,src/bot/bot.js,33553,src/bot/domains/moderation/callbacks.js
a:more,edit,none,False,482,navigation,src/bot/bot.js,25293,src/bot/domains/navigation/callbacks.js
a:my_apps,edit,require_redis,False,483,applications,src/bot/bot.js,27939,src/bot/domains/applications/callbacks.js
a:nd,ops,none,False,484,notifications,src/bot/bot.js,25121,src/bot/domains/notifications/callbacks.js
a:net_q,edit,none,False,485,workspaces,src/bot/bot.js,35748,src/bot/domains/workspaces/callbacks.js
a:net_set,edit,require_redis,False,486,workspaces,src/bot/bot.js,35762,src/bot/domains/workspaces/callbacks.js
a:nop,edit,none,False,488,navigation,src/bot/bot.js,24955,src/bot/domains/navigation/callbacks.js
a:off_buy,pay,require_redis,False,489,official_publish,src/bot/bot.js,34070,src/bot/domains/officialPublish/callbacks.js
a:off_buy_home,pay,none,False,490,official_publish,src/bot/bot.js,34064,src/bot/domains/officialPublish/callbacks.js
a:off_manage,edit,require_redis,False,491,official_publish,src/bot/bot.js,33948,src/bot/domains/officialPublish/callbacks.js
a:off_pub,edit,require_redis,False,492,official_publish,src/bot/bot.js,34143,src/bot/domains/officialPublish/callbacks.js
a:off_queue,edit,none,False,493,official_publish,src/bot/bot.js,34314,src/bot/domains/officialPublish/callbacks.js
a:off_verify,edit,require_redis,False,494,official_publish,src/bot/bot.js,34213,src/bot/domains/officialPublish/callbacks.js
a:off_req,edit,none,False,495,official_publish,src/bot/bot.js,33960,src/bot/domains/officialPublish/callbacks.js
a:off_req_cancel,edit,none,False,496,official_publish,src/bot/bot.js,34030,src/bot/domains/officialPublish/callbacks.js
a:off_req_home,edit,none,False,497,official_publish,src/bot/bot.js,33954,src/bot/domains/officialPublish/callbacks.js
a:off_rm,edit,require_redis,False,498,official_publish,src/bot/bot.js,34285,src/bot/domains/officialPublish/callbacks.js
a:off_upd,edit,require_redis,False,499,official_publish,src/bot/bot.js,34252,src/bot/domains/officialPublish/callbacks.js
a:offer_open,edit,none,False,500,official_publish,src/bot/bot.js,33932,src/bot/domains/officialPublish/callbacks.js
a:onb_brand,edit,require_redis,False,501,onboarding,src/bot/bot.js,28706,src/bot/domains/onboarding/callbacks.js
a:onb_creator,edit,require_redis,False,502,onboarding,src/bot/bot.js,28683,src/bot/domains/onboarding/callbacks.js
a:pm_home,edit,none,False,503,directory_search,src/bot/bot.js,30357,src/bot/domains/directory/searchCallbacks.js
a:pm_pick,edit,require_redis,False,504,directory_search,src/bot/bot.js,30380,src/bot/domains/directory/searchCallbacks.js
a:pm_reset,edit,require_redis,False,505,directory_search,src/bot/bot.js,30370,src/bot/domains/directory/searchCallbacks.js
a:pm_run,edit,require_redis,False,506,directory_search,src/bot/bot.js,30416,src/bot/domains/directory/searchCallbacks.js
a:pm_tog,edit,require_redis,False,507,directory_search,src/bot/bot.js,30386,src/bot/domains/directory/searchCallbacks.js
a:pm_view,edit,none,False,508,directory_search,src/bot/bot.js,30422,src/bot/domains/directory/searchCallbacks.js
a:pro_home,edit,none,False,509,monetization_products,src/bot/bot.js,28923,src/bot/domains/monetization/callbacks.js
a:role_pick,edit,require_redis,False,510,onboarding,src/bot/bot.js,26421,src/bot/domains/onboarding/callbacks.js
a:acc_del_q,ops,none,False,512,account,src/bot/bot.js,25631,src/bot/domains/account/callbacks.js
a:acc_del_do,ops,db_truth,False,513,account,src/bot/bot.js,25653,src/bot/domains/account/callbacks.js
a:acc_restore,ops,db_truth,False,514,account,src/bot/bot.js,25686,src/bot/domains/account/callbacks.js
a:send_request_to_creator,edit,none,False,515,leads,src/bot/bot.js,27407,src/bot/domains/leads/callbacks.js
a:setup,edit,require_redis,False,516,workspaces,src/bot/bot.js,28903,src/bot/domains/workspaces/callbacks.js
a:share,edit,require_redis,False,517,sharing,src/bot/bot.js,25405,src/bot/domains/sharing/callbacks.js
a:share_perf,edit,none,False,518,sharing,src/bot/bot.js,25428,src/bot/domains/sharing/callbacks.js
a:share_points,edit,none,False,519,sharing,src/bot/bot.js,25439,src/bot/domains/sharing/callbacks.js
a:share_link,edit,none,False,520,sharing,src/bot/bot.js,25450,src/bot/domains/sharing/callbacks.js
a:share_card,edit,none,False,521,sharing,src/bot/bot.js,25461,src/bot/domains/sharing/callbacks.js
a:share_history,edit,none,False,522,sharing,src/bot/bot.js,25468,src/bot/domains/sharing/callbacks.js
a:share_rewards,edit,none,False,523,sharing,src/bot/bot.js,25479,src/bot/domains/sharing/callbacks.js
a:share_redeem,ops,none,False,524,sharing,src/bot/bot.js,25491,src/bot/domains/sharing/callbacks.js
a:share_redeem_do,ops,db_truth,False,525,sharing,src/bot/bot.js,25530,src/bot/domains/sharing/callbacks.js
a:support,ops,none,False,528,support,src/bot/bot.js,25719,src/bot/domains/support/callbacks.js
a:support_push,ops,none,False,529,support,src/bot/bot.js,25571,src/bot/domains/support/callbacks.js
a:support_write,ops,require_redis,False,530,support,src/bot/bot.js,25754,src/bot/domains/support/callbacks.js
a:team,edit,require_redis,False,531,brand_management,unresolved_or_generated,,src/bot/domains/brands/managementCallbacks.js
a:ui_mode_set,edit,none,False,534,navigation,src/bot/bot.js,25168,src/bot/domains/navigation/callbacks.js
a:verify_home,edit,none,False,535,verification,src/bot/bot.js,28727,src/bot/domains/verification/callbacks.js
a:verify_info,edit,none,False,536,verification,src/bot/bot.js,28736,src/bot/domains/verification/callbacks.js
a:verify_kind,edit,require_redis,False,537,verification,src/bot/bot.js,28741,src/bot/domains/verification/callbacks.js
a:ws_editor_add_username,edit,require_redis,False,538,workspaces,src/bot/bot.js,36169,src/bot/domains/workspaces/callbacks.js
a:ws_editor_invite,edit,require_redis,False,539,workspaces,src/bot/bot.js,36149,src/bot/domains/workspaces/callbacks.js
a:ws_editor_rm_do,edit,require_redis,False,540,workspaces,src/bot/bot.js,36199,src/bot/domains/workspaces/callbacks.js
a:ws_editor_rm_q,edit,none,False,541,workspaces,src/bot/bot.js,36183,src/bot/domains/workspaces/callbacks.js
a:ws_editors,edit,require_redis,False,542,workspaces,src/bot/bot.js,36141,src/bot/domains/workspaces/callbacks.js
a:ws_history,edit,require_redis,False,543,workspaces,src/bot/bot.js,28941,src/bot/domains/workspaces/callbacks.js
a:ws_history_export,edit,require_redis,False,544,workspaces,src/bot/bot.js,28946,src/bot/domains/workspaces/callbacks.js
a:ws_ig_dm,edit,require_redis,False,545,workspaces,src/bot/bot.js,29007,src/bot/domains/workspaces/callbacks.js
a:ws_ig_templates,edit,require_redis,False,546,workspaces,src/bot/bot.js,28989,src/bot/domains/workspaces/callbacks.js
a:ws_ig_templates_send,edit,require_redis,False,547,workspaces,src/bot/bot.js,28997,src/bot/domains/workspaces/callbacks.js
a:ws_ig_verify,edit,require_redis,False,548,workspaces,src/bot/bot.js,29019,src/bot/domains/workspaces/callbacks.js
a:ws_ig_verify_comment,edit,require_redis,False,549,workspaces,src/bot/bot.js,29036,src/bot/domains/workspaces/callbacks.js
a:ws_ig_verify_oauth,edit,require_redis,False,550,workspaces,src/bot/bot.js,29064,src/bot/domains/workspaces/callbacks.js
a:ws_ig_verify_status,edit,none,False,551,workspaces,src/bot/bot.js,29050,src/bot/domains/workspaces/callbacks.js
a:ws_leads,edit,require_redis,False,552,workspaces,src/bot/bot.js,27963,src/bot/domains/workspaces/callbacks.js
a:ws_list,edit,none,False,553,workspaces,src/bot/bot.js,28912,src/bot/domains/workspaces/callbacks.js
a:ws_list_inactive,edit,none,False,554,workspaces,src/bot/bot.js,28917,src/bot/domains/workspaces/callbacks.js
a:ws_disconnect_q,edit,none,False,555,workspaces,src/bot/bot.js,35660,src/bot/domains/workspaces/callbacks.js
a:ws_disconnect_do,edit,none,False,556,workspaces,src/bot/bot.js,35690,src/bot/domains/workspaces/callbacks.js
a:ws_reconnect_q,edit,none,False,557,workspaces,src/bot/bot.js,35706,src/bot/domains/workspaces/callbacks.js
a:ws_reconnect_do,edit,none,False,558,workspaces,src/bot/bot.js,35735,src/bot/domains/workspaces/callbacks.js
a:ws_open,edit,none,False,559,workspaces,src/bot/bot.js,28931,src/bot/domains/workspaces/callbacks.js
a:ws_pro,edit,require_redis,False,560,workspaces,src/bot/bot.js,29465,src/bot/domains/workspaces/callbacks.js
a:ws_pro_buy,pay,require_redis,False,561,workspaces,src/bot/bot.js,29470,src/bot/domains/workspaces/callbacks.js
a:ws_pro_pin,edit,require_redis,False,562,workspaces,src/bot/bot.js,30639,src/bot/domains/workspaces/callbacks.js
a:ws_pro_pin_clear,edit,require_redis,False,563,workspaces,src/bot/bot.js,30669,src/bot/domains/workspaces/callbacks.js
a:ws_pro_pin_set,edit,require_redis,False,564,workspaces,src/bot/bot.js,30656,src/bot/domains/workspaces/callbacks.js
a:ws_prof_edit,edit,require_redis,False,565,workspaces,src/bot/bot.js,29380,src/bot/domains/workspaces/callbacks.js
a:ws_prof_clear,edit,require_redis,False,566,workspaces,src/bot/bot.js,29352,src/bot/domains/workspaces/callbacks.js
a:ws_prof_contacts,edit,require_redis,False,567,workspaces,src/bot/bot.js,29234,src/bot/domains/workspaces/callbacks.js
a:ws_prof_contacts_edit,edit,require_redis,False,568,workspaces,src/bot/bot.js,29292,src/bot/domains/workspaces/callbacks.js
a:ws_prof_contacts_clear,edit,require_redis,False,569,workspaces,src/bot/bot.js,29322,src/bot/domains/workspaces/callbacks.js
a:ws_prof_contacts_clear_k,edit,require_redis,False,570,workspaces,src/bot/bot.js,29330,src/bot/domains/workspaces/callbacks.js
a:ws_prof_contacts_migrate,edit,require_redis,False,571,workspaces,src/bot/bot.js,29242,src/bot/domains/workspaces/callbacks.js
a:ws_prof_fmt_clear,edit,require_redis,False,572,workspaces,src/bot/bot.js,29222,src/bot/domains/workspaces/callbacks.js
a:ws_prof_fmt_t,edit,require_redis,False,573,workspaces,src/bot/bot.js,29200,src/bot/domains/workspaces/callbacks.js
a:ws_prof_formats,edit,require_redis,False,574,workspaces,src/bot/bot.js,29195,src/bot/domains/workspaces/callbacks.js
a:ws_prof_mode,edit,require_redis,False,575,workspaces,src/bot/bot.js,29138,src/bot/domains/workspaces/callbacks.js
a:ws_prof_mode_set,edit,require_redis,False,576,workspaces,src/bot/bot.js,29143,src/bot/domains/workspaces/callbacks.js
a:ws_prof_reset,edit,require_redis,False,577,workspaces,src/bot/bot.js,29407,src/bot/domains/workspaces/callbacks.js
a:ws_prof_reset_ok,edit,require_redis,False,578,workspaces,src/bot/bot.js,29438,src/bot/domains/workspaces/callbacks.js
a:ws_prof_vert_clear,edit,require_redis,False,579,workspaces,src/bot/bot.js,29184,src/bot/domains/workspaces/callbacks.js
a:ws_prof_vert_t,edit,require_redis,False,580,workspaces,src/bot/bot.js,29162,src/bot/domains/workspaces/callbacks.js
a:ws_prof_verticals,edit,require_redis,False,581,workspaces,src/bot/bot.js,29157,src/bot/domains/workspaces/callbacks.js
a:ws_profile,edit,none,False,582,workspaces,src/bot/bot.js,28952,src/bot/domains/workspaces/callbacks.js
a:ws_settings,edit,require_redis,False,583,workspaces,src/bot/bot.js,28936,src/bot/domains/workspaces/callbacks.js
a:ws_share,edit,require_redis,False,584,workspaces,src/bot/bot.js,28964,src/bot/domains/workspaces/callbacks.js
a:ws_share_send,edit,require_redis,False,585,workspaces,src/bot/bot.js,28974,src/bot/domains/workspaces/callbacks.js
a:ws_toggle_cur,edit,none,False,586,workspaces,src/bot/bot.js,35792,src/bot/domains/workspaces/callbacks.js
a:ws_toggle_net,edit,require_redis,False,587,workspaces,src/bot/bot.js,35786,src/bot/domains/workspaces/callbacks.js
a:wsp_contact_req,edit,none,False,588,workspace_public,src/bot/bot.js,26967,src/bot/domains/directory/workspaceCallbacks.js
a:wsp_contact_unlock,pay,queue_first,False,589,workspace_public,src/bot/bot.js,27080,src/bot/domains/directory/workspaceCallbacks.js
a:wsp_lead_new,edit,require_redis,False,590,workspace_public,src/bot/bot.js,27417,src/bot/domains/directory/workspaceCallbacks.js
a:wsp_open,edit,none,False,591,workspace_public,src/bot/bot.js,26936,src/bot/domains/directory/workspaceCallbacks.js
a:wsp_preview,edit,none,False,592,workspace_public,src/bot/bot.js,26916,src/bot/domains/directory/workspaceCallbacks.js
