name,kind,line,domain,target_module
upsertUser,function,61,users,src/db/users.js
tombstoneUser,function,102,users,src/db/users.js
restoreUser,function,237,users,src/db/users.js
trackEvent,function,265,shared_or_unclear,src/db/shared.js
getAnalyticsTopline,function,285,shared_or_unclear,src/db/shared.js
getAnalyticsDaily,function,330,shared_or_unclear,src/db/shared.js
getAdminMetricsSnapshot,function,365,shared_or_unclear,src/db/shared.js
findUserByUsername,function,424,users,src/db/users.js
getUserTgIdByUserId,function,430,users,src/db/users.js
hasUsersBannedAtColumn,function,502,users,src/db/users.js
normalizeUsersDirectoryFilters,function,538,users,src/db/users.js
getUsersDirectoryCohortCounters,function,651,users,src/db/users.js
listUsersDirectory,function,692,users,src/db/users.js
getUsersDirectoryByIds,function,738,users,src/db/users.js
exportUsersDirectory,function,781,users,src/db/users.js
getUserCardById,function,833,users,src/db/users.js
getBrandCredits,function,890,payments,src/db/payments.js
getBrandCreditsByTgId,function,896,payments,src/db/payments.js
getBrandIntroMeta,function,901,shared_or_unclear,src/db/shared.js
getIntroDailyUsage,function,917,shared_or_unclear,src/db/shared.js
addBrandCredits,function,926,payments,src/db/payments.js
addGiftedBrandCredits,function,940,payments,src/db/payments.js
revokeGiftedBrandCredits,function,967,payments,src/db/payments.js
spendBrandCredits,function,1008,payments,src/db/payments.js
isWorkspaceContactsUnlocked,function,1052,workspaces,src/db/workspaces.js
unlockWorkspaceContactsWithCredits,function,1077,workspaces,src/db/workspaces.js
countAvailableBrandRetryCredits,function,1238,shared_or_unclear,src/db/shared.js
listIntroThreadsForRetry,function,1271,barter,src/db/barter.js
issueRetryCreditForThread,function,1289,barter,src/db/barter.js
expireRetryCredits,function,1308,shared_or_unclear,src/db/shared.js
userHasWorkspace,function,1325,workspaces,src/db/workspaces.js
createWorkspace,function,1331,workspaces,src/db/workspaces.js
ensureWorkspaceSettings,function,1345,workspaces,src/db/workspaces.js
listWorkspaces,function,1354,workspaces,src/db/workspaces.js
getWorkspace,function,1372,workspaces,src/db/workspaces.js
getWorkspaceAny,function,1392,workspaces,src/db/workspaces.js
findWorkspaceByChannelUsername,function,1409,workspaces,src/db/workspaces.js
isWorkspacePro,function,1428,workspaces,src/db/workspaces.js
activateWorkspacePro,function,1442,workspaces,src/db/workspaces.js
setWorkspacePinnedOffer,function,1453,barter,src/db/barter.js
countActiveBarterOffers,function,1462,barter,src/db/barter.js
setWorkspaceSetting,function,1486,workspaces,src/db/workspaces.js
setWorkspaceChannelConnection,function,1503,workspaces,src/db/workspaces.js
listIgVerifyPendingWorkspaces,function,1531,workspaces,src/db/workspaces.js
addCurator,function,1549,shared_or_unclear,src/db/shared.js
listCurators,function,1560,shared_or_unclear,src/db/shared.js
getCuratorWorkspaceSummary,function,1574,workspaces,src/db/workspaces.js
getCuratorLeadStats,function,1600,applications,src/db/applications.js
removeCurator,function,1641,shared_or_unclear,src/db/shared.js
hasAnyCuratorRole,function,1648,shared_or_unclear,src/db/shared.js
listCuratorWorkspaces,function,1656,workspaces,src/db/workspaces.js
isCuratorForWorkspace,function,1669,workspaces,src/db/workspaces.js
listGiveawaysForCurator,function,1691,giveaways,src/db/giveaways.js
getGiveawayForCurator,function,1712,giveaways,src/db/giveaways.js
flushWorkspaceAuditBuffer,function,1837,workspaces,src/db/workspaces.js
auditWorkspace,function,2117,workspaces,src/db/workspaces.js
listWorkspaceAudit,function,2177,workspaces,src/db/workspaces.js
listWorkspaceAuditDetailed,function,2194,workspaces,src/db/workspaces.js
countWorkspaceAuditDetailed,function,2249,workspaces,src/db/workspaces.js
searchGlobalAudit,function,2295,audit,src/db/audit.js
countGlobalAudit,function,2333,audit,src/db/audit.js
exportGlobalAudit,function,2347,audit,src/db/audit.js
createGiveaway,function,2375,giveaways,src/db/giveaways.js
updateGiveaway,function,2394,giveaways,src/db/giveaways.js
getGiveawayForOwner,function,2410,giveaways,src/db/giveaways.js
deleteGiveawayForOwner,function,2421,giveaways,src/db/giveaways.js
getGiveawayPublic,function,2436,giveaways,src/db/giveaways.js
getGiveawayInfoForUser,function,2446,giveaways,src/db/giveaways.js
getGiveawayById,function,2456,giveaways,src/db/giveaways.js
getWinnersWithTgId,function,2467,giveaways,src/db/giveaways.js
listGiveaways,function,2479,giveaways,src/db/giveaways.js
replaceGiveawaySponsors,function,2493,giveaways,src/db/giveaways.js
listGiveawaySponsors,function,2502,giveaways,src/db/giveaways.js
upsertGiveawayEntry,function,2514,giveaways,src/db/giveaways.js
getEntryStatus,function,2524,shared_or_unclear,src/db/shared.js
setEntryEligibility,function,2534,instagram,src/db/instagram.js
getGiveawayStats,function,2543,giveaways,src/db/giveaways.js
getGiveawayStatsForCurator,function,2560,giveaways,src/db/giveaways.js
listGiveawayEntriesPage,function,2586,giveaways,src/db/giveaways.js
exportGiveawayParticipantsUsernames,function,2612,giveaways,src/db/giveaways.js
exportGiveawayWinnersUsernames,function,2629,giveaways,src/db/giveaways.js
exportGiveawayWinnersForPublish,function,2645,giveaways,src/db/giveaways.js
setWinners,function,2662,giveaways,src/db/giveaways.js
markGiveawayResultsPublished,function,2699,giveaways,src/db/giveaways.js
reserveGiveawayPublish,function,2715,giveaways,src/db/giveaways.js
finalizeGiveawayPublish,function,2729,giveaways,src/db/giveaways.js
releaseGiveawayPublish,function,2742,giveaways,src/db/giveaways.js
auditGiveaway,function,2756,giveaways,src/db/giveaways.js
listGiveawayAudit,function,2764,giveaways,src/db/giveaways.js
listGiveawayCuratorNotesAudit,function,2777,giveaways,src/db/giveaways.js
listGiveawaysToEnd,function,2790,giveaways,src/db/giveaways.js
listEndedGiveawaysToDraw,function,2816,giveaways,src/db/giveaways.js
listDrawnGiveawaysToPublish,function,2830,giveaways,src/db/giveaways.js
listEligibleUserIdsForGiveaway,function,2844,giveaways,src/db/giveaways.js
listAllUserIdsForGiveaway,function,2852,giveaways,src/db/giveaways.js
listEntriesToCheck,function,2860,shared_or_unclear,src/db/shared.js
hasBarterOffersMetaColumn,function,2888,barter,src/db/barter.js
createBarterOffer,function,2900,barter,src/db/barter.js
listNetworkBarterOffers,function,2940,barter,src/db/barter.js
countNetworkBarterOffers,function,2985,barter,src/db/barter.js
listBarterOffersForOwnerWorkspace,function,3021,barter,src/db/barter.js
listArchivedBarterOffersForOwnerWorkspace,function,3040,barter,src/db/barter.js
restoreBarterOfferForOwner,function,3059,barter,src/db/barter.js
getBarterOfferForOwner,function,3073,barter,src/db/barter.js
updateBarterOffer,function,3086,barter,src/db/barter.js
auditBarterOffer,function,3134,barter,src/db/barter.js
updateBarterOfferStatus,function,3142,barter,src/db/barter.js
bumpBarterOffer,function,3146,barter,src/db/barter.js
getBarterOfferPublic,function,3157,barter,src/db/barter.js
getOrCreateBarterThread,function,3184,barter,src/db/barter.js
getOrCreateBarterThreadWithCredits,function,3215,barter,src/db/barter.js
countBarterThreadProofs,function,3513,barter,src/db/barter.js
listBarterThreadProofs,function,3523,barter,src/db/barter.js
addBarterThreadProofLink,function,3546,barter,src/db/barter.js
addBarterThreadProofScreenshot,function,3567,barter,src/db/barter.js
addBarterMessage,function,3588,barter,src/db/barter.js
closeBarterThread,function,3624,barter,src/db/barter.js
softDeleteBarterThread,function,3637,barter,src/db/barter.js
softDeleteBrandLead,function,3651,applications,src/db/applications.js
softDeleteBrandApplication,function,3664,applications,src/db/applications.js
addNetworkModerator,function,3681,users,src/db/users.js
removeNetworkModerator,function,3692,users,src/db/users.js
listNetworkModerators,function,3696,users,src/db/users.js
isNetworkModerator,function,3706,users,src/db/users.js
createBarterReport,function,3711,barter,src/db/barter.js
listOpenBarterReports,function,3722,barter,src/db/barter.js
countOpenBarterReports,function,3739,barter,src/db/barter.js
getBarterReport,function,3744,barter,src/db/barter.js
resolveBarterReport,function,3759,barter,src/db/barter.js
moderatorCloseBarterThread,function,3770,barter,src/db/barter.js
moderatorFreezeBarterOffer,function,3780,barter,src/db/barter.js
getBrandPlan,function,3792,payments,src/db/payments.js
isBrandPlanActive,function,3797,payments,src/db/payments.js
activateBrandPlan,function,3806,payments,src/db/payments.js
revokeBrandPlan,function,3827,payments,src/db/payments.js
resetBrandCredits,function,3834,payments,src/db/payments.js
revokeAllWorkspacePro,function,3853,workspaces,src/db/workspaces.js
banUser,function,3863,users,src/db/users.js
unbanUser,function,3870,users,src/db/users.js
isUserBanned,function,3877,users,src/db/users.js
freezeAllUserOffers,function,3885,barter,src/db/barter.js
closeAllUserThreads,function,3893,barter,src/db/barter.js
setBarterThreadBuyerStage,function,3905,barter,src/db/barter.js
setBarterThreadTriageStatus,function,3919,barter,src/db/barter.js
countIncludedMatchingThisMonth,function,3946,payments,src/db/payments.js
createMatchingRequest,function,3958,payments,src/db/payments.js
setMatchingBrief,function,3968,payments,src/db/payments.js
completeMatchingRequest,function,3978,payments,src/db/payments.js
getMatchingRequest,function,3989,payments,src/db/payments.js
searchNetworkBarterOffersByBrief,function,3998,barter,src/db/barter.js
countIncludedFeaturedThisMonth,function,4046,payments,src/db/payments.js
createFeaturedPlacement,function,4058,payments,src/db/payments.js
activateFeaturedPlacementWithContent,function,4068,payments,src/db/payments.js
stopFeaturedPlacement,function,4085,payments,src/db/payments.js
getFeaturedPlacement,function,4098,payments,src/db/payments.js
listActiveFeatured,function,4103,payments,src/db/payments.js
listFeaturedForUser,function,4117,payments,src/db/payments.js
getOfficialPostByOfferId,function,4131,barter,src/db/barter.js
upsertOfficialPostDraft,function,4136,official_publish,src/db/officialPublish.js
atomicReserveOfficialPublish,function,4162,official_publish,src/db/officialPublish.js
setOfficialPostActive,function,4191,official_publish,src/db/officialPublish.js
setOfficialPostStatus,function,4220,official_publish,src/db/officialPublish.js
atomicAttachOfficialPostMessageId,function,4239,official_publish,src/db/officialPublish.js
atomicExpireOfficialPost,function,4266,official_publish,src/db/officialPublish.js
listOfficialPending,function,4278,shared_or_unclear,src/db/shared.js
countOfficialPending,function,4292,shared_or_unclear,src/db/shared.js
listOfficialToExpire,function,4297,shared_or_unclear,src/db/shared.js
recordStarsPayment,function,4322,payments,src/db/payments.js
insertPayment,function,4361,payments,src/db/payments.js
getPaymentById,function,4399,payments,src/db/payments.js
getPaymentByTelegramChargeId,function,4404,payments,src/db/payments.js
claimPaymentApplying,function,4417,payments,src/db/payments.js
setPaymentStatus,function,4441,payments,src/db/payments.js
setPaymentStatusIfNotApplied,function,4455,payments,src/db/payments.js
markPaymentApplied,function,4470,payments,src/db/payments.js
hasBrandTeamUnlockPurchase,function,4489,brands,src/db/brands.js
listBrandsDirectory,function,4533,brands,src/db/brands.js
listBrandsDirectoryFiltered,function,4625,brands,src/db/brands.js
countBrandsDirectoryFiltered,function,4737,brands,src/db/brands.js
listPaymentsByStatus,function,4846,payments,src/db/payments.js
claimOrphanedMissingSessionPaymentsForAutoheal,function,4861,payments,src/db/payments.js
getUserVerification,function,4897,verification,src/db/verification.js
getBrandProfile,function,4910,brands,src/db/brands.js
upsertBrandProfile,function,4915,brands,src/db/brands.js
addBrandManager,function,4959,brands,src/db/brands.js
removeBrandManager,function,4976,brands,src/db/brands.js
isBrandManager,function,4991,brands,src/db/brands.js
listBrandManagers,function,5007,brands,src/db/brands.js
listBrandsForManager,function,5027,shared_or_unclear,src/db/shared.js
deleteBrandProfile,function,5049,brands,src/db/brands.js
upsertVerificationRequest,function,5057,verification,src/db/verification.js
setVerificationStatus,function,5078,verification,src/db/verification.js
listPendingVerifications,function,5097,verification,src/db/verification.js
countPendingVerifications,function,5111,verification,src/db/verification.js
getWorkspaceById,function,5116,workspaces,src/db/workspaces.js
hasAnyWorkspaceEditorRole,function,5121,workspaces,src/db/workspaces.js
isWorkspaceEditor,function,5126,workspaces,src/db/workspaces.js
addWorkspaceEditor,function,5134,workspaces,src/db/workspaces.js
removeWorkspaceEditor,function,5145,workspaces,src/db/workspaces.js
listWorkspaceEditors,function,5153,workspaces,src/db/workspaces.js
listWorkspaceEditorWorkspaces,function,5165,workspaces,src/db/workspaces.js
createChannelFolder,function,5177,workspaces,src/db/workspaces.js
renameChannelFolder,function,5187,workspaces,src/db/workspaces.js
deleteChannelFolder,function,5195,workspaces,src/db/workspaces.js
getChannelFolder,function,5200,workspaces,src/db/workspaces.js
listChannelFolders,function,5212,workspaces,src/db/workspaces.js
listChannelFolderItems,function,5225,workspaces,src/db/workspaces.js
addChannelFolderItems,function,5236,workspaces,src/db/workspaces.js
removeChannelFolderItems,function,5278,workspaces,src/db/workspaces.js
clearChannelFolder,function,5319,workspaces,src/db/workspaces.js
getBarterOfferPublicWithVerified,function,5324,barter,src/db/barter.js
listNetworkBarterOffersWithVerified,function,5349,barter,src/db/barter.js
listBarterThreadsForUserWithVerified,function,5397,barter,src/db/barter.js
listBarterThreadsForUser,function,5427,barter,src/db/barter.js
getBarterThreadForUserWithVerified,function,5455,barter,src/db/barter.js
getBarterThreadForUser,function,5478,barter,src/db/barter.js
listBarterMessages,function,5495,barter,src/db/barter.js
listBarterOffersForWorkspace,function,5508,barter,src/db/barter.js
listMyBarterOffers,function,5514,barter,src/db/barter.js
getUserById,function,5527,users,src/db/users.js
listUsersByIds,function,5533,users,src/db/users.js
auditBarterThread,function,5547,barter,src/db/barter.js
createBrandLead,function,5563,applications,src/db/applications.js
getBrandLeadById,function,5592,applications,src/db/applications.js
getBrandLeadForActor,function,5599,applications,src/db/applications.js
countBrandLeadsByStatus,function,5638,applications,src/db/applications.js
listBrandLeads,function,5654,applications,src/db/applications.js
countBrandLeadsForCuratorByStatus,function,5668,applications,src/db/applications.js
listBrandLeadsForCurator,function,5695,applications,src/db/applications.js
assignBrandLead,function,5725,applications,src/db/applications.js
unassignBrandLead,function,5736,applications,src/db/applications.js
listBrandLeadsForCuratorFiltered,function,5751,applications,src/db/applications.js
countBrandLeadsForCuratorFiltered,function,5788,applications,src/db/applications.js
appendBrandLeadCuratorNote,function,5817,applications,src/db/applications.js
updateBrandLeadStatus,function,5899,applications,src/db/applications.js
markBrandLeadReplied,function,5910,applications,src/db/applications.js
markBrandLeadTakenInWork,function,5925,applications,src/db/applications.js
markBrandLeadClosedBy,function,5952,applications,src/db/applications.js
createBrandApplication,function,5983,applications,src/db/applications.js
getBrandApplicationById,function,6008,applications,src/db/applications.js
getBrandApplicationForActor,function,6014,applications,src/db/applications.js
countBrandApplicationsByStatus,function,6039,applications,src/db/applications.js
listBrandApplications,function,6056,applications,src/db/applications.js
updateBrandApplicationStatus,function,6069,applications,src/db/applications.js
markBrandApplicationReplied,function,6087,applications,src/db/applications.js
markBrandApplicationAccepted,function,6103,applications,src/db/applications.js
acceptBrandApplicationWithCharge,function,6134,applications,src/db/applications.js
countBrandDealsByStage,function,6264,applications,src/db/applications.js
listBrandDeals,function,6292,applications,src/db/applications.js
countBrandDealsFiltered,function,6331,applications,src/db/applications.js
listBrandDealsFiltered,function,6382,applications,src/db/applications.js
setBrandApplicationDealStage,function,6439,applications,src/db/applications.js
appendBrandApplicationThreadMessage,function,6466,barter,src/db/barter.js
listCreatorApplications,function,6487,applications,src/db/applications.js
countCreatorApplications,function,6503,applications,src/db/applications.js
searchWorkspaceProfilesByMatrix,function,6514,workspaces,src/db/workspaces.js
createBroadcast,function,6564,broadcasts,src/db/broadcasts.js
createBroadcastIdempotent,function,6593,broadcasts,src/db/broadcasts.js
getBroadcast,function,6681,broadcasts,src/db/broadcasts.js
updateBroadcast,function,6701,broadcasts,src/db/broadcasts.js
atomicMaxBroadcastCooldownUntil,function,6725,broadcasts,src/db/broadcasts.js
countBroadcastAudience,function,6742,broadcasts,src/db/broadcasts.js
listBroadcastAudienceSample,function,6775,broadcasts,src/db/broadcasts.js
listBroadcastRecipients,function,6808,broadcasts,src/db/broadcasts.js
logBroadcastSent,function,6838,broadcasts,src/db/broadcasts.js
logBroadcastQueued,function,6862,broadcasts,src/db/broadcasts.js
logBroadcastBlocked,function,6882,broadcasts,src/db/broadcasts.js
quarantineStaleBroadcastDeliveries,function,6903,broadcasts,src/db/broadcasts.js
claimBroadcastDelivery,function,6924,broadcasts,src/db/broadcasts.js
getBroadcastDeliveryReceipt,function,6976,broadcasts,src/db/broadcasts.js
markBroadcastDeliverySent,function,6991,broadcasts,src/db/broadcasts.js
markBroadcastDeliveryUnknown,function,7019,broadcasts,src/db/broadcasts.js
markBroadcastDeliveryBlocked,function,7059,broadcasts,src/db/broadcasts.js
markBroadcastDeliveryFailedNonRetryable,function,7080,broadcasts,src/db/broadcasts.js
markBroadcastDeliveryRetry,function,7101,broadcasts,src/db/broadcasts.js
markBroadcastDeliveryDeferred,function,7129,broadcasts,src/db/broadcasts.js
countBroadcastPendingDeliveries,function,7156,broadcasts,src/db/broadcasts.js
countBroadcastDeliveryStats,function,7167,broadcasts,src/db/broadcasts.js
listBroadcastPostRunReasonRows,function,7201,broadcasts,src/db/broadcasts.js
listBroadcastBlockedDeliveries,function,7216,broadcasts,src/db/broadcasts.js
listBroadcastUnknownDeliveries,function,7234,broadcasts,src/db/broadcasts.js
resolveBroadcastUnknownDelivery,function,7260,broadcasts,src/db/broadcasts.js
logBroadcastDeferred,function,7294,broadcasts,src/db/broadcasts.js
logBroadcastQuarantine,function,7314,broadcasts,src/db/broadcasts.js
getNextBroadcastDeferredRetryMs,function,7336,broadcasts,src/db/broadcasts.js
isBroadcastSentToUser,function,7350,broadcasts,src/db/broadcasts.js
listBroadcasts,function,7358,broadcasts,src/db/broadcasts.js
getActiveBroadcast,function,7369,broadcasts,src/db/broadcasts.js
listBroadcastUnsentRecipients,function,7385,broadcasts,src/db/broadcasts.js
drawWinnersDeterministic,function,7455,giveaways,src/db/giveaways.js
drawAndFinalizeGiveawayWinnersAtomic,function,7513,giveaways,src/db/giveaways.js
tryAdvisoryLock,function,7546,shared_or_unclear,src/db/shared.js
advisoryUnlock,function,7554,shared_or_unclear,src/db/shared.js
atomicEndGiveaway,function,7566,giveaways,src/db/giveaways.js
atomicClaimGiveawayResultsPublishing,function,7589,giveaways,src/db/giveaways.js
atomicReleaseGiveawayResultsClaim,function,7606,giveaways,src/db/giveaways.js
atomicFinalizeGiveawayResultsPublish,function,7624,giveaways,src/db/giveaways.js
atomicPublishGiveawayResults,function,7640,giveaways,src/db/giveaways.js
atomicTransitionBroadcast,function,7667,broadcasts,src/db/broadcasts.js
getIgOAuthAccount,function,7687,instagram,src/db/instagram.js
upsertIgOAuthAccount,function,7696,instagram,src/db/instagram.js
deleteIgOAuthAccount,function,7735,instagram,src/db/instagram.js
INVITE_REWARD_PUBLIC_RULES,const,7831,users,src/db/users.js
INVITE_REWARD_CATALOG,const,7836,users,src/db/users.js
processInviteRewardsForInvitee,function,7996,users,src/db/users.js
processInviteRewardsForReferrer,function,8022,users,src/db/users.js
getInviteRewardsSummary,function,8078,users,src/db/users.js
getInviteRewardsRecentHistory,function,8124,users,src/db/users.js
redeemInviteReward,function,8190,users,src/db/users.js
getLatestSupportThreadForUser,function,8328,barter,src/db/barter.js
openOrTouchSupportThreadForUser,function,8349,barter,src/db/barter.js
bindSupportThreadToSupportMessage,function,8412,barter,src/db/barter.js
setSupportThreadStatusForAdmin,function,8433,barter,src/db/barter.js
markSupportThreadOperatorReply,function,8460,barter,src/db/barter.js
markSupportThreadUserFollowup,function,8518,barter,src/db/barter.js
getSupportThreadBuckets,function,8570,barter,src/db/barter.js
listSupportThreadsForAdmin,function,8606,barter,src/db/barter.js
getSupportThreadByIdForAdmin,function,8688,barter,src/db/barter.js
buildInviteCodeFromTelegramUserId,function,8723,users,src/db/users.js
parseInviteCodeToTelegramUserId,function,8729,users,src/db/users.js
buildInviteStartParam,function,8736,users,src/db/users.js
parseInviteStartParam,function,8742,users,src/db/users.js
buildInviteLink,function,8760,users,src/db/users.js
findUserByTelegramId,function,8767,users,src/db/users.js
getInviteAttributionByInvitedUserId,function,8780,users,src/db/users.js
loadInviteSnapshotByUserId,function,8824,users,src/db/users.js
getInviteAdminVisibilityOverview,function,8900,users,src/db/users.js
attemptInviteAttribution,function,9048,users,src/db/users.js
