file,lines,imports,internal_imports,external_imports,named_function_declarations,action_literals
src/bot/bot.js,41693,31,29,2,809,549
src/db/queries.js,9212,5,5,0,372,0
scripts/admin-web.js,4668,0,0,0,179,0
src/bot/cron.js,2217,18,17,1,53,4
src/lib/adminWeb/readModels.js,1214,8,8,0,37,0
src/lib/adminWeb/runtime.js,1151,6,6,0,28,0
api/health.js,1042,6,6,0,9,0
api/qstash/broadcast-deliver.js,924,9,9,0,28,0
api/qstash/monetization-retry.js,839,11,11,0,12,2
src/bot/paymentFulfillmentCore.js,712,1,0,1,29,0
src/lib/config.js,657,0,0,0,9,0
src/bot/actionRegistry.js,603,0,0,0,2,560
scripts/test-payment-fulfillment-critical.js,558,6,1,5,8,0
src/lib/adminWeb/auth.js,553,6,6,0,38,0
src/lib/redis.js,500,2,1,1,22,0
src/db/giveawayAtomicCore.js,481,1,1,0,13,0
scripts/test-giveaway-draw-critical.js,451,3,1,2,9,0
scripts/preflight.js,449,5,0,5,16,0
src/bot/payments/starsHandlers.js,408,1,1,0,1,5
src/bot/helpers.js,387,2,1,1,1,3
src/lib/operatorControls.js,320,3,3,0,16,0
scripts/telegram-mobile-acceptance.js,312,4,0,4,10,0
_ig_oauth_parked/api/ig/oauth/callback.js,305,6,2,4,10,0
src/bot/redactContacts.js,276,0,0,0,2,0
src/bot/opsAlerts.js,265,3,2,1,11,1
src/db/pool.js,260,6,5,1,8,0
scripts/critical-spine/postgres.js,257,6,3,3,8,0
src/bot/gwAccess.js,253,4,3,1,9,0
scripts/test-broadcast-delivery-unknown-critical.js,240,3,2,1,1,0
scripts/test-admin-web-auth-critical.js,237,3,2,1,3,2
scripts/smoke-ws-channel-disconnect-contract.js,234,5,1,4,2,16
src/lib/paymentsOps.js,226,3,3,0,13,0
scripts/test-bounded-safety-hardening.js,223,3,1,2,3,1
scripts/test-runtime-stars-payment-validation.js,219,4,0,4,2,0
api/qstash/official-publish-deliver.js,210,5,5,0,5,0
scripts/staging-runtime-acceptance.js,207,4,0,4,13,0
src/lib/adminWeb/comms.js,207,5,5,0,9,0
api/admin-web-auth.js,205,3,3,0,7,0
scripts/smoke-neon-cron-resilience-contract.js,203,8,4,4,1,0
src/lib/adminWeb/usersExport.js,203,3,3,0,3,0
scripts/test-redactContactsInText.js,202,2,1,1,1,0
scripts/smoke-admin-audit-metrics-moderators-contract.js,198,5,1,4,3,13
src/bot/gwNotify.js,198,3,2,1,7,3
migrations/run.js,196,5,1,4,7,0
scripts/lint-public-contacts.js,194,3,0,3,6,0
scripts/lint-redis-atomic.js,194,3,0,3,6,0
src/lib/officialPublishVerify.js,191,5,5,0,5,0
src/lib/adminWeb/common.js,186,2,1,1,21,0
src/lib/monDiag.js,182,1,1,0,10,0
scripts/actions-registry-export-md.js,179,4,1,3,7,1
scripts/landing.js,175,0,0,0,4,0
scripts/test-ig-templates-no-contacts.js,171,3,0,3,5,0
scripts/smoke-access-error-empty-state-recovery-contract.js,170,5,1,4,1,10
src/lib/opsDigest.js,168,2,2,0,9,0
scripts/smoke-start-role-gate-contract.js,166,5,1,4,3,7
scripts/smoke-invite-language-mechanism-honesty-contract.js,165,4,0,4,2,9
scripts/smoke-admin-payments-contract.js,163,5,1,4,3,6
src/lib/qstash.js,163,3,2,1,9,0
scripts/critical-spine/redis.js,162,3,0,3,3,0
_ig_oauth_parked/api/ig/oauth/lib/igOAuth.js,161,1,0,1,15,0
_ig_oauth_parked/lib/igOAuth.js,161,1,0,1,15,0
src/lib/adminWeb/authPolicy.js,160,0,0,0,7,0
scripts/smoke-admin-user-card-note-contract.js,158,5,1,4,3,16
src/lib/criticalUpdateReplay.js,157,3,2,1,7,21
scripts/smoke-env-baseline-contract.js,156,4,0,4,5,0
api/admin-web-read.js,153,7,7,0,2,0
scripts/critical-spine/run.js,153,5,1,4,5,0
scripts/smoke-runtime-proof-spine.js,152,2,0,2,5,1
src/lib/healthPolicy.js,152,0,0,0,10,0
api/qstash/official-publish-verify.js,148,5,5,0,4,0
scripts/smoke-admin-operator-vocabulary-contract.js,148,5,1,4,2,7
scripts/callback-consistency-check.js,147,4,1,3,5,0
scripts/smoke-monetization-paid-product-clarity-contract.js,145,5,1,4,0,2
scripts/gen-mark-all-applied.js,143,4,0,4,4,0
scripts/smoke-admin-hard-skip-contract.js,139,5,1,4,3,10
scripts/lint-footer-nav.js,137,3,0,3,3,0
scripts/smoke-landing-contract.js,137,3,0,3,1,0
src/bot/broadcastDeliveryReceipt.js,136,1,1,0,6,0
src/bot/routes/callbacks.js,135,2,1,1,7,16
api/webhook.js,134,6,6,0,4,0
scripts/telegram-mobile-copy-audit.js,133,4,0,4,2,0
scripts/test-health-privacy-readiness-critical.js,133,1,0,1,0,1
scripts/lint-redis-ttl.js,131,3,0,3,6,0
scripts/smoke-admin-founder-contract.js,130,5,1,4,3,11
scripts/gen-notebooklm-sources.js,129,4,0,4,10,0
scripts/smoke-admin-notice-contract.js,128,5,1,4,3,12
src/lib/logPrivacy.js,125,1,0,1,7,0
src/bot/adminOpsText.js,123,1,1,0,2,0
scripts/smoke-home-menu-role-navigation-contract.js,122,4,0,4,3,2
src/bot/broadcastDeliverySafety.js,121,0,0,0,8,0
scripts/smoke-admin-users-contract.js,120,5,1,4,3,12
api/cron_router.js,115,5,5,0,5,0
api/qstash/ping.js,115,2,2,0,5,0
src/db/errorClassification.js,113,0,0,0,8,0
scripts/smoke-admin-qstash-status-contract.js,111,5,1,4,3,6
scripts/smoke-what-next-backnav-contract.js,110,4,0,4,1,7
src/bot/commsCallbacks.js,110,0,0,0,8,42
_ig_oauth_parked/api/ig/oauth/start.js,109,4,1,3,7,0
scripts/smoke-backoffice-productization-contract.js,109,3,0,3,0,0
api/admin-web-write.js,108,4,4,0,2,0
scripts/smoke-admin-payments-fallback-contract.js,106,5,1,4,3,8
scripts/smoke-admin-ops-contract.js,104,5,1,4,3,13
src/lib/adminWeb/usersBulk.js,102,1,1,0,4,0
scripts/smoke-ig-parked-hard-gate.js,99,4,0,4,6,0
scripts/smoke-copy-safety-taxonomy-contract.js,98,4,0,4,2,4
scripts/smoke-admin-ops-render.js,97,5,1,4,3,0
scripts/actions-registry-check.js,96,4,1,3,2,1
scripts/smoke-admin-outbox-contract.js,95,5,1,4,2,8
src/lib/adminWeb/notes.js,95,1,1,0,6,0
scripts/smoke-input-mode-contract.js,94,5,1,4,2,4
scripts/smoke-brand-app-ops-copy-contract.js,93,4,0,4,1,0
_ig_oauth_parked/api/ig/oauth/status.js,90,4,0,4,4,0
scripts/smoke-creator-current-channel-contract.js,90,5,1,4,2,7
scripts/test-broadcast-overload-invariants.js,89,3,0,3,2,0
src/lib/cronFailure.js,89,1,1,0,6,0
scripts/smoke-copy-wave1-contract.js,88,4,0,4,1,0
scripts/smoke-applications-dialogs-deals-lifecycle-contract.js,87,4,0,4,1,9
scripts/smoke-broadcast-delivery-unknown-state-contract.js,84,3,0,3,0,0
src/lib/adminWeb/telegram.js,84,2,2,0,3,0
scripts/smoke-admin-web-auth-binding-contract.js,83,3,0,3,0,1
src/db/connectionResilience.js,83,2,2,0,3,0
scripts/smoke-brand-inbox-accept-contract.js,82,5,1,4,2,4
src/bot/draft.js,82,2,2,0,6,0
_ig_oauth_parked/api/ig/oauth/disconnect.js,78,4,0,4,4,0
scripts/smoke-admin-comms-contract.js,78,5,1,4,3,9
scripts/smoke-no-channel-gate-contract.js,78,5,1,4,2,8
scripts/smoke-official-publish-check-now-contract.js,78,5,1,4,3,4
src/db/poolConfig.js,78,0,0,0,5,0
src/lib/broadcast.js,78,0,0,0,4,0
scripts/smoke-contacts-brand-pass-contract.js,77,5,1,4,2,2
src/bot/monetizationCopy.js,77,0,0,0,7,0
src/bot/recoveryCopy.js,77,0,0,0,5,0
src/bot/adminWebAuthCallback.js,73,1,1,0,3,1
scripts/smoke-payments-autoheal-chain-contract.js,72,4,0,4,0,0
src/lib/tgApi.js,72,1,1,0,4,0
scripts/check-function-budget.js,71,3,0,3,2,0
scripts/smoke-admin-dm-templates-contract.js,69,5,1,4,2,12
scripts/smoke-creator-leads-density-contract.js,69,4,0,4,0,0
scripts/smoke-fault-injection.js,69,3,0,3,1,0
scripts/smoke-share-url-compat-contract.js,69,5,1,4,2,4
scripts/smoke-admin-web-comms-contract.js,67,3,0,3,0,0
scripts/smoke-telegram-mobile-acceptance-contract.js,67,3,2,1,0,0
src/bot/routes/gwAccess.js,67,0,0,0,1,4
scripts/smoke-admin-web-login-contract.js,64,3,0,3,0,1
src/bot/middleware/logging.js,62,3,3,0,4,0
scripts/smoke-admin-web-shell-contract.js,61,3,0,3,1,0
scripts/lint-portable-paths.js,60,2,0,2,2,0
scripts/smoke-admin-control-surface-contract.js,60,3,0,3,0,1
scripts/smoke-brand-inbox-density-contract.js,59,4,0,4,0,0
scripts/smoke-degraded-rate-limit.js,59,3,0,3,0,0
scripts/lint-redis-exports.js,58,3,0,3,2,0
scripts/smoke-admin-web-users-export-contract.js,58,3,0,3,0,0
src/lib/logger.js,58,1,0,1,0,0
scripts/smoke-admin-system-contract.js,57,5,1,4,1,16
scripts/smoke-brand-app-notices-contract.js,57,4,0,4,0,0
scripts/smoke-health-admin-shape.js,57,3,0,3,1,0
scripts/smoke-admin-web-users-bulk-contract.js,56,3,0,3,0,0
scripts/smoke-brand-lead-entrypoints-contract.js,56,4,0,4,0,0
scripts/smoke-health-privacy-readiness-contract.js,54,3,0,3,0,0
scripts/smoke-brand-app-accept-ux-contract.js,53,4,0,4,0,0
scripts/smoke-selection-pilot-contract.js,53,4,0,4,1,0
scripts/smoke-admin-web-runtime-health-parity-contract.js,52,3,0,3,0,0
scripts/smoke-bounded-safety-hardening-contract.js,52,2,0,2,0,0
scripts/smoke-creator-app-notices-contract.js,52,4,0,4,0,0
scripts/smoke-home-copy-contract.js,52,4,0,4,1,3
scripts/smoke-admin-web-users-cohort-counters-contract.js,51,3,0,3,0,0
scripts/smoke-qstash-dedup-sanitize-contract.js,51,4,0,4,0,0
scripts/smoke-brand-app-reply-entrypoints-contract.js,50,4,0,4,0,0
scripts/check-package-lock.js,49,3,0,3,1,0
scripts/smoke-admin-web-users-cohort-rail-contract.js,49,3,0,3,0,0
scripts/smoke-broadcast-local-db-fuse.js,49,4,0,4,2,0
scripts/smoke-creator-apps-list-density-contract.js,49,4,0,4,0,0
scripts/smoke-admin-web-founder-contract.js,48,3,0,3,0,0
scripts/smoke-brand-apps-list-density-contract.js,48,4,0,4,0,0
scripts/smoke-brand-lead-followups-contract.js,48,4,0,4,0,0
scripts/smoke-creator-app-chat-entrypoints-contract.js,48,4,0,4,0,0
scripts/smoke-gw-access-route-contract.js,47,4,0,4,0,6
scripts/smoke-short.js,47,2,0,2,2,0
scripts/smoke-admin-web-overview-cockpit-contract.js,46,3,0,3,0,0
scripts/smoke-admin-web-users-active-state-help-contract.js,46,3,0,3,0,0
scripts/smoke-admin-web-users-compare-drill-actions-contract.js,46,3,0,3,0,0
scripts/smoke-admin-web-users-priority-rail-contract.js,46,3,0,3,0,0
scripts/smoke-creator-app-dialog-density-contract.js,46,4,0,4,0,0
scripts/smoke-admin-web-payments-contract.js,45,3,0,3,0,0
scripts/smoke-admin-web-user-card-contract.js,45,3,0,3,0,0
scripts/smoke-brand-app-density-contract.js,45,4,0,4,0,0
scripts/smoke-staging-runtime-acceptance-contract.js,45,4,1,3,0,0
scripts/smoke-admin-web-mobile-shell-contract.js,44,3,0,3,0,0
scripts/smoke-admin-web-runtime-queues-contract.js,44,3,0,3,0,0
scripts/smoke-admin-web-runtime-semantics-contract.js,44,3,0,3,0,0
scripts/smoke-brand-deal-density-contract.js,44,4,0,4,0,0
scripts/smoke-new-dialog-terminology-contract.js,44,4,0,4,0,0
scripts/smoke-admin-web-runtime-hierarchy-contract.js,43,3,0,3,0,0
scripts/smoke-creator-app-local-context-contract.js,43,4,0,4,0,0
scripts/smoke-empty-state-contract.js,43,4,0,4,0,0
scripts/smoke-health-fast-contract.js,43,3,0,3,0,0
src/bot/prng.js,43,1,0,1,5,0
scripts/smoke-brand-deal-stage-nav-contract.js,42,4,0,4,0,2
scripts/smoke-footer-back-consistency-contract.js,42,4,0,4,0,2
scripts/smoke-creator-leads-entrypoints-contract.js,41,4,0,4,0,0
scripts/smoke-critical-path-spine-contract.js,40,5,1,4,0,0
scripts/smoke-invite-rewards-contract.js,40,4,0,4,0,6
src/bot/sponsorParse.js,40,0,0,0,2,0
scripts/smoke-admin-web-density-interaction-contract.js,39,3,0,3,0,0
src/db/safePatch.js,39,0,0,0,3,0
scripts/smoke-admin-web-runtime-contract.js,38,3,0,3,0,0
scripts/smoke-admin-web-users-action-state-contract.js,38,3,0,3,0,0
scripts/smoke-admin-web-users-filter-rail-contract.js,38,3,0,3,0,0
scripts/smoke-admin-web-users-interaction-clarity-contract.js,38,3,0,3,0,0
scripts/smoke-creator-brands-home-open-contract.js,38,4,0,4,0,3
scripts/smoke-admin-web-runtime-stale-retry-contract.js,37,3,0,3,0,0
scripts/smoke-admin-web-users-copy-unification-contract.js,37,3,0,3,0,0
scripts/smoke-admin-web-users-hierarchy-contract.js,37,3,0,3,0,0
scripts/smoke-brand-app-accept-sql-contract.js,37,4,0,4,0,0
scripts/smoke-brand-app-template-quick-labels-contract.js,37,4,0,4,0,0
scripts/smoke-admin-web-layout-polish-contract.js,36,3,0,3,0,0
scripts/smoke-admin-web-users-compare-pin-rail-contract.js,36,3,0,3,0,0
scripts/smoke-admin-web-users-final-interaction-contract.js,36,3,0,3,0,0
scripts/smoke-creator-app-reply-completion-contract.js,36,4,0,4,0,0
scripts/smoke-invite-layer-contract.js,36,5,1,4,0,2
scripts/smoke-admin-web-users-rails-hierarchy-contract.js,35,3,0,3,0,0
_ig_oauth_parked/api/ig/oauth/lib/cryptoBox.js,34,2,0,2,3,0
_ig_oauth_parked/lib/cryptoBox.js,34,2,0,2,3,0
scripts/smoke-admin-web-sidebar-nav-contract.js,34,3,0,3,0,0
scripts/smoke-admin-web-users-compare-density-contract.js,34,3,0,3,0,0
scripts/smoke-admin-web-users-preset-truth-contract.js,34,3,0,3,0,0
scripts/smoke-admin-web-users-sticky-pagination-contract.js,34,3,0,3,0,0
scripts/smoke-admin-web-users-table-density-contract.js,34,3,0,3,0,0
scripts/smoke-comms-compact-callbacks-contract.js,34,2,2,0,1,3
scripts/smoke-invite-education-copy-contract.js,34,4,0,4,0,0
scripts/smoke-admin-web-payments-followup-contract.js,33,3,0,3,0,0
scripts/smoke-admin-web-runtime-qstash-truth-contract.js,33,3,0,3,0,0
scripts/smoke-admin-web-users-column-priority-contract.js,33,3,0,3,0,0
scripts/smoke-admin-web-users-followup-rail-contract.js,33,3,0,3,0,0
scripts/smoke-admin-web-users-header-meta-strip-contract.js,33,3,0,3,0,0
scripts/smoke-admin-web-users-preset-copy-polish-contract.js,33,3,0,3,0,0
scripts/smoke-admin-web-users-row-actions-contract.js,33,3,0,3,0,0
scripts/smoke-admin-web-users-saved-presets-contract.js,33,3,0,3,0,0
scripts/smoke-preflight-dependency-resolution-contract.js,33,4,0,4,0,0
scripts/smoke-admin-web-payments-review-contract.js,32,3,0,3,0,0
scripts/smoke-security-hardening-contract.js,31,3,0,3,0,0
scripts/smoke-admin-web-overview-runtime-truth-contract.js,29,3,0,3,0,0
scripts/smoke-admin-web-users-mobile-contract.js,29,3,0,3,0,0
scripts/smoke-creator-app-reply-runtime-guard-contract.js,29,4,0,4,0,0
scripts/smoke-giveaway-single-atomic-path-contract.js,29,2,0,2,0,0
scripts/smoke-invite-pending-resolution-contract.js,29,2,0,2,0,0
scripts/smoke-admin-web-whatwg-url-contract.js,28,1,0,1,0,0
src/bot/payments_fallback.js,28,4,4,0,2,0
scripts/smoke-admin-web-users-url-persisted-views-contract.js,27,3,0,3,0,0
scripts/smoke-contact-unlock-workspace-settings-contract.js,27,4,0,4,0,0
scripts/critical-spine/manifest.js,26,0,0,0,0,0
scripts/smoke-admin-web-mobile-consistency-contract.js,26,3,0,3,0,0
scripts/smoke-qstash-fanout-gate-contract.js,26,3,0,3,0,0
scripts/smoke-support-operator-read-surface-contract.js,26,1,0,1,1,3
scripts/smoke-broadcast-429-atomicity-contract.js,25,4,0,4,0,0
scripts/smoke-invite-hub-ux-contract.js,25,4,0,4,0,6
scripts/smoke-support-threads-foundation-contract.js,24,1,0,1,1,3
scripts/smoke-broadcast-draft-recap-contract.js,21,1,0,1,1,0
scripts/smoke-invite-recovery-copy-contract.js,21,4,0,4,0,2
scripts/smoke-support-followup-context-contract.js,21,3,0,3,1,0
scripts/smoke-broadcast-post-run-report-contract.js,19,1,0,1,0,0
scripts/smoke-broadcast-first-batch-safety-contract.js,18,1,0,1,0,0
scripts/dev-polling.js,17,2,2,0,1,0
scripts/smoke-admin-web-asset-cache-bust-contract.js,17,3,0,3,0,0
src/lib/gwRepro.js,16,0,0,0,0,0
scripts/smoke-support-close-reopen-canned-contract.js,14,1,0,1,1,1
scripts/smoke-invite-admin-visibility-contract.js,11,1,0,1,0,2
